"reviewer","authortype","logsales_10wk_cor","logsales_total_cor","rev_sd","rev_median","median_logsale_total","median_logsale_10wk","numscore"
"kelanflyter","user",1,1,3.2659863237109,9,12.825268311707,11.9057521876396,13
"BudMan","user",0.994109007057424,0.955386989341025,3.48308313593979,4,13.8155115579638,12.1848285798607,14
"Naglfar","user",0.97636719573896,0.859038130805132,1.57765997255777,8,12.5061809416774,11.1390171617663,14
"SGRevan","user",0.881612078596683,0.872509793337192,1.22102788293679,8,14.2972510254061,13.3024797934558,11
"partyintheback","user",0.852153094859679,0.842117219695435,2.77979724571285,9,12.1724734845734,11.281124210232,12
"SwitSwat","user",0.833542249419533,0.66728941221775,1.69829635997837,9,13.6337339065413,12.414764506336,20
"Jacktheripper99","user",0.82270384011341,0.709843780798382,2.21153998175685,6,12.9468773875799,11.7151323514614,11
"AlexH.","user",0.820481106531826,0.880742444755823,2.27469611690055,9,13.5511019210293,12.0442475256144,12
"limelight","user",0.816508797067877,0.781906572781943,3.3844564489066,8,12.4654734112778,10.969579837774,11
"MrMushroom","user",0.805337002114444,0.987492028116392,3.3262745773767,9,14.0466230725781,12.4008043765675,13
"MichaelR.","user",0.785674835018724,0.35530792692768,1.52388392675499,8,14.1524934750289,12.7664824682405,10
"vgmkyle","user",0.781109858584382,0.76037029870515,2.99072640748773,6.5,14.6126529446325,13.2610703224673,10
"JohnT.","user",0.776799456936289,0.742140217886828,3.09300285590988,9.5,13.9725151614744,12.30522090502,10
"Firing Squad","critic",0.772576922222123,0.760553211498047,1.63734818866028,8.2,12.9468773023531,11.9460373066716,11
"Sean","user",0.767489877923282,-0.285266547260703,1.3984117975602,9,13.7259483374551,11.6679359866944,10
"SteveC.","user",0.762832391074924,0.710055281738083,2.21359436211787,8,12.7507772639672,11.2026968757449,10
"BrockJ.","user",0.761660366487474,0.605032741951905,1.95505043981536,9,14.7197291134624,12.879384398256,10
"XGP Gaming","critic",0.753092337397201,0.791553609246639,0.714004870897268,8.4,12.8345950752988,11.8487595037539,29
"crazycat690","user",0.743993283389995,0.774868023196934,1.3703203194063,8,13.1021627109011,11.6885832010819,10
"DeadshotCRYSIS","user",0.742736716942159,0.755358242271789,2.03540097839643,9,14.2201757131558,12.193186868536,15
"valber","user",0.738901406752418,0.812623660025315,1.36880472443164,9,13.2954348820592,12.3338784397021,14
"GioD.","user",0.737192636444276,0.733502213397308,1.24316312101612,8.5,12.6115410869661,11.4738415424607,12
"JohnW.","user",0.734234239420349,0.84896427221168,2.04049904769308,9,14.5763168542876,12.6441727257629,11
"mrcritic","user",0.733763928255756,0.806918937114235,2.94640775883425,9,14.7594168459764,12.6756949520817,14
"NickG.","user",0.728779246753399,0.612967868315819,1.37198868114007,8,13.9446896024212,11.6164994628677,17
"Guivera","user",0.719906394121826,0.78241577400327,2.49761791275112,8,13.7358965357037,11.9457264204323,15
"peoplewhomatter","user",0.712789469687256,0.747717788620392,2.92055547264124,7,13.8304850860546,12.8558348674832,23
"Yummyzombie","user",0.710609791238219,0.709071869443451,2.41867732448956,8,13.9723690376639,12.30408207998,16
"AaronC.","user",0.692387387675108,0.538704151325315,2.06705763652765,9,13.4838149221994,11.9159929617157,12
"skyminster","user",0.68551839833562,0.456952604120507,1.33552451531005,9,13.919871474189,12.1681578792569,19
"aqurban","user",0.676160935810134,0.671493726559951,0.650443635587991,10,13.1007028827021,11.8577296712702,13
"thejestermk2","user",0.675684691200744,0.78025895161914,1.56669890360128,6,13.9171859338696,12.2681787686895,12
"Redfordsto","user",0.675339180219175,0.520011846034608,2.7493314695416,7,13.1931151029836,11.9334426956662,17
"Adventure Gamers","critic",0.668775230723327,0.742570131205017,2.11726054320015,6,12.1007176854125,10.0210707556722,56
"logan35","user",0.668081338519017,0.677364700465077,0.668557923421521,9,13.5355040508055,12.7559263678339,12
"DrewF.","user",0.667622853789209,0.659277747800856,1.92867317598919,8,12.2759582906198,10.5689715968455,14
"Josh","user",0.664359295372785,0.474488947937771,3.8873012632302,7,12.9945322786191,11.4065978151222,10
"OnAnarchy","user",0.664038447131707,0.661965792623245,1.49853729853071,8,14.5906096867684,13.4963972448083,19
"Gamers Europe","critic",0.659315688896979,0.654348262604439,1.86289721647028,8,12.8465422071466,11.4553430122503,62
"NGC Magazine UK","critic",0.652485332363672,0.707163489221902,0.78575969650625,7.65,12.2010531594019,10.3469544335677,18
"L4DLegend91","user",0.651895277482024,0.546063550312128,1.21355975243384,9,13.5923682566493,12.7298302891073,11
"Electric Playground","critic",0.64548577344105,0.602972631612399,1.23617277235956,8,13.5985795089325,11.8041258182871,37
"Slate","user",0.643130609417011,0.620821302158675,1.50923085635624,8,13.9815283303434,12.9531581311449,10
"ChrisM.","user",0.641147791989115,0.597813749426674,3.04454114264051,9,13.6480550270205,12.4470300019708,13
"SteveT.","user",0.637823200397651,0.639290516430995,1.300349603341,8,12.9945322786191,11.4738415424607,11
"ttocs","user",0.635868559750893,0.61746755590551,2.06511643312258,8,12.5631637137676,10.6678962688523,17
"Just RPG","critic",0.63261218670682,0.639818076807671,1.29169061561376,7.8,12.6443308022626,11.2280261836278,55
"GamesNation","critic",0.63035727370666,0.587982112204735,0.872105106953578,8.2,13.5410750280511,11.8363341726191,140
"CorsairReviews","user",0.629097118832803,0.715842990530725,0.885061203156784,8,14.5821349112027,13.4683382931011,16
"skim123","user",0.626454079683448,-0.00560781908096167,1.82878222991269,6,14.352004513274,13.1494920447926,10
"CarsonRGB","user",0.626292036068207,0.673833259772048,1.12390297389803,8,14.6971052282499,13.0503092929084,19
"Churigogobashu","user",0.625318697538396,0.639418482414012,4.04519917477945,10,14.050013029577,11.1703002071454,11
"Adrenaline Vault","critic",0.624978355866972,0.688189663726214,1.05090228108783,8,13.2176753753888,11.1392351485862,14
"MEGamers","critic",0.624087399090777,0.645534544956564,1.60866723755105,8.05,13.4730216574672,11.8606625852973,504
"Game Positive","critic",0.622881358909456,0.575406051025978,1.32999511981248,7.9,14.0386229083053,12.3813331792967,98
"Gaming Horizon","critic",0.621445003706723,0.614248170170909,1.35007025171636,7.8,12.4292201968364,11.1156368381462,69
"conorbobonor","user",0.619758598569822,0.670487315439623,2.09132168104918,7,13.7321300359812,12.5303746963853,14
"Cynamite","critic",0.61881549401889,0.621936724722462,1.29832338274749,8,13.5278298188449,11.7683503227381,487
"SeanM.","user",0.616966291801265,0.670966845082448,2.98481002897855,9,12.6809387360611,11.6159679537579,12
"Old_Biff","user",0.612213895392145,0.676234214931968,2.70100991213556,8,12.8979707672436,11.9086128257644,12
"hollowfication","user",0.612024404305225,0.542931291738197,4.49831618328997,4,13.1021627109011,11.6885832010819,33
"pots555","user",0.609147380070087,0.574263157058085,0.937436866561092,9.5,13.2085008228897,12.0987591537423,12
"MondoXbox","critic",0.607456197029313,0.613935638647977,1.50117376600344,8,13.0918530885581,11.6465817548691,441
"TeamXbox","critic",0.605846977735964,0.616889300949986,1.43354002765376,8,13.038983942376,11.7575251777,825
"bighead6000","user",0.60298372966775,0.598984835485026,1.21573927222163,8,15.1984250251609,14.11855935762,14
"Console Monster","critic",0.601065957198205,0.610379407151625,1.79588062809615,7.8,13.3212158754924,11.7683503227381,855
"HellBored","critic",0.600603402966617,0.643617368250705,1.7566972168426,7.85,13.7212009773935,12.2137431518344,156
"AB","user",0.598760773621189,0.652892560884308,3.7254245232977,9,13.1993262703906,11.0136001253744,12
"Official PlayStation Magazine Benelux","critic",0.595935293300699,0.562756429684752,1.29042465518502,7.6,12.4292201968364,11.1348809524381,268
"Will","user",0.595801658524865,0.765855443966477,2.45175673979111,9,12.8338833352057,11.5914269566826,10
"Console Gameworld","critic",0.595027033205565,0.530359625378838,1.62595716284943,8,12.9945322786191,11.4479281719463,275
"Kermie","user",0.594561151830428,0.770380411478466,2.58316226217543,9,13.122165338192,11.8325839051852,11
"Parag0N","user",0.594420742811712,0.653629823319446,2.99174688945262,9.5,14.0143622363812,12.6195819785963,14
"Official Xbox Magazine","critic",0.593667343070253,0.595640276871222,1.62986890011737,7,12.6443308022626,11.349408612811,1439
"Talk Xbox","critic",0.593331926516176,0.630995278876693,1.45398969099006,8,13.5144068165308,12.112300282679,187
"Daematune","user",0.591164366555824,0.624901304352938,2.5407785333546,8,14.3223287627422,12.8611596392656,10
"Playstationguy","user",0.587793126270828,0.647348460992647,2.37315573274662,8,13.6047907612158,11.8747590800551,14
"Playstation Official Magazine Australia","critic",0.585635958527324,0.588489094258885,1.5174994079308,7,13.1615860136327,11.384364138696,527
"Official Xbox Magazine UK","critic",0.58506871333264,0.586857083817429,1.80484954639212,7,12.8212609873195,11.4585352710345,1113
"Happymonk","user",0.583163321433262,0.443349171522059,1.12288448436043,9,13.6226805307928,11.8987399228604,23
"Gamezilla!","critic",0.582504924792902,0.473982145296102,1.52457375929626,7.2,12.5425484535736,11.231795215707,103
"Zeph","user",0.581300422692577,0.573796303753602,2.29906813420444,8,13.6933280940603,12.6229346864674,36
"InsideGamer.nl","critic",0.579603940524577,0.514999761456441,1.44033114608723,7.8,13.270785106659,11.5163894584114,453
"Xbox Solution","critic",0.576455324510958,0.571421485699019,1.36551956344862,8.2,12.5776396502326,11.4480028700858,30
"PGNx Media","critic",0.575468599603124,0.547856961485889,0.804691484357849,8.7,13.1223653774023,11.5649794067411,398
"mtkuszek","user",0.575230156071597,0.469264764224393,1.510830465556,7,11.6952553550628,10.0185112291049,24
"Decemuladores","user",0.574454168316165,0.425713743091405,1.3984117975602,8.5,12.6886161887852,11.0363776739822,10
"9Lives","critic",0.57431773352607,0.55384871847065,1.00183084404686,7.8,13.4730216574672,11.6219950933568,152
"ChrisD","user",0.5734876268313,0.62058145416514,3.50324524872685,8,12.4292201968364,10.7004315267777,11
"Bit-Gamer","critic",0.573056868133847,0.734900409446062,1.44577190810183,7,14.4032977784218,13.0884611360732,13
"ActionTrip","critic",0.572166658641917,0.613517296800853,1.65635615833988,7.95,13.7850523814069,12.5367686639844,160
"CD-Action","critic",0.571789459849222,0.642342384343173,1.44020480882258,7.5,13.2445436213096,11.9489626319517,146
"watithink123","user",0.571017969941484,0.41073202842471,1.73482430943752,7,13.885392463934,12.2092371068557,40
"Ducky418","user",0.568693058056442,0.484982266246473,1.97017231413103,8,14.590238186346,12.6103503823253,20
"DavidS","user",0.568550912928266,0.496963418317568,3.03498123735734,8,14.0386549092782,12.2424142179326,10
"Gamereactor Denmark","critic",0.567196281159248,0.525421341342297,1.54634905809183,7,13.1223653774023,11.600276784173,393
"Da Gameboyz","critic",0.565961030472884,0.545299507567946,1.11695332862401,8,13.2533933941952,11.6446640013881,740
"ZTGameDomain","critic",0.565714077289523,0.574299027631391,1.34666553252177,8,12.8739045822051,11.3576858591449,1674
"PS3bloggen.se","critic",0.565686596457146,0.625005069759313,1.65514398184956,7,13.4150344839033,11.5549115816373,179
"Multiplayer.it","critic",0.56562699111679,0.560963658157583,1.2485887951445,7.8,12.9715428132484,11.2413750465947,1027
"3DJuegos","critic",0.564299554629236,0.577629468790591,1.16263784839904,7.9,13.2176753753888,11.4888581568363,1306
"Playstation: The Official Magazine (US)","critic",0.563715789934908,0.541826105446837,1.67932922562691,7,12.899222326087,11.0988465962373,896
"Everyeye.it","critic",0.563127010924374,0.533172187314368,1.38406334567272,7.5,13.0170050839663,11.3353747767902,850
"JohnJ.","user",0.562940688625105,0.463623929242628,3.13404247294484,9,13.8496678680613,12.4398080211072,10
"Hardcore Gamer Magazine","critic",0.562045720167598,0.528866363793181,1.5948956316939,8,13.1223653774023,11.3717189797453,416
"DailyGame","critic",0.560249228499746,0.590461929455289,1.40553483534725,7.85,13.1615860136327,11.5364300167671,476
"The Wiire","critic",0.558559732736185,0.509105470960027,2.52696466837743,5.8,13.038983942376,11.4903337955346,63
"MS Xbox World","critic",0.557549763787163,0.57477725657976,1.43900822952772,7.5,13.038983942376,11.5967735209608,670
"Gameplayer Sweden","critic",0.55743233788412,0.583564921712097,1.67678372206636,7,13.353476685668,11.4669652925938,118
"X360 Magazine UK","critic",0.557268214368588,0.569387435621594,1.79721670935956,7,12.9239148777019,11.5375985651751,1149
"Gamervision","critic",0.555542683135192,0.573897185013372,1.54297119778708,7.8,13.235693848424,11.5158212680823,663
"360gamer8302","user",0.552706469422414,0.408287364623032,3.57262317683189,5,11.6917710786791,10.6576655682668,11
"Planet Xbox 360","critic",0.552409648181088,0.556642427555414,1.34458604827833,8.1,13.180634172319,11.8021937786759,755
"lbaeriswyl","user",0.552099728761998,0.396775087761832,3.63901418552116,10,13.6449703218411,11.9225440685737,12
"Meristation","critic",0.550664470887143,0.550660873334698,1.33660239744229,7.5,13.1223653774023,11.4386328603884,889
"GamingTrend","critic",0.550191063204735,0.54976504415135,1.26789692956065,8.3,13.0170050839663,11.4654710404161,775
"Xbox360Achievements","critic",0.550129707372951,0.564778501091398,1.597995628626,7.7,13.2176753753888,11.7828991656411,453
"Gaming Target","critic",0.549374446064913,0.481538480505141,1.36343534062751,8.2,13.3454765277956,11.6357577951819,524
"Gameplayer","critic",0.548149219783688,0.558218469876835,1.39673511588891,8,13.4869114202269,11.8072351331211,188
"GameTrailers","critic",0.547912326236313,0.519818624385812,1.28927257988704,7.9,13.235693848424,11.700897693273,1259
"JohnL.","user",0.544573337688349,0.427181819030542,2.09364116632563,8.5,13.1608458238965,11.5281686060668,16
"VGPub","critic",0.543306015663608,0.464459234368423,1.55955651001703,7.65,12.7797766894053,11.1269889016978,126
"Nintendo Insider","critic",0.54167955245908,0.639341912468999,2.07519362263587,8,12.345838935722,10.4851164080975,14
"Gamer.nl","critic",0.541207568787744,0.528547942689899,1.62689270531072,7,13.2878795107957,11.5329143494293,1093
"RUST","user",0.540311729134844,0.628797540681079,1.82071704853459,8,12.541910295955,11.2081951440079,44
"Playstation Universe","critic",0.539752627720268,0.508169890540461,1.38231558706002,8,13.3847291803322,11.7058159731134,432
"coopers41","user",0.538747681027095,0.796525273906733,3.35477949417625,7,12.3918586478751,10.5416902242201,11
"JDConspirator","user",0.538466081203003,0.596084488491371,1.6952514713223,7,12.8479291632781,11.3795083515299,50
"thebigbusser","user",0.537409942067953,0.493049011942479,1.15470053837925,9.5,14.8124595618595,13.4037743274074,10
"EGM","critic",0.536634596405468,0.560738119260911,1.71335808699762,8,12.676079399771,11.771250814761,190
"PSFocus","critic",0.536359555304405,0.58194054401753,1.39225746445584,7.8,13.1322666714426,11.2256668956018,498
"Video Game Talk","critic",0.536208548710032,0.555157594940169,1.85001368796506,7,13.3046866008636,11.625548544253,368
"GidBix","user",0.536173905043363,0.489698335041743,1.99707388285142,7,12.7068509637411,11.4139003934924,19
"Xbox Evolved","critic",0.535798175335783,0.627559387081785,1.34148918010507,7.25,12.5945903685993,11.442423053825,60
"SteveM.","user",0.534449408199324,0.395989454197638,2.92215007125935,8.5,13.9725151614744,11.8772004552535,22
"GameFocus","critic",0.533143239510487,0.545552855866776,1.49987327920447,8,13.1223653774023,11.3701976286767,1202
"Kombo","critic",0.532548249220135,0.529081820879648,1.64657404038526,8,13.1223653774023,11.4944763213017,724
"KhristianR.","user",0.532383885119881,0.751142582736313,1.24011240937215,8,14.0828507787655,12.4766694095467,12
"ImpulseGamer","critic",0.532276977020314,0.495111645023141,1.18963723887772,8.1,13.2445436213096,11.433800448802,321
"Boomtown","critic",0.531750882082256,0.496757396283376,1.66939213957326,7,13.2533933941952,11.6203392750136,447
"Funkymonk","user",0.53166729672491,0.296378159193945,1.19769604092675,9,13.9409686152247,12.4376610773531,32
"Ali1247","user",0.530871343177256,0.631309035644225,1.91195071996,8.5,14.7780876184872,13.6927621767642,10
"SpazioGames","critic",0.529107961829115,0.558139071410022,1.33326373977161,7.5,13.0170050839663,11.2621794465424,1175
"Xbox World 360 Magazine UK","critic",0.528938392364769,0.562790599195038,2.12925398782362,6.75,12.9480123712091,11.3770644089274,792
"XGN","critic",0.528651923674524,0.548136461712198,1.51960070068125,7.5,13.1421679654829,11.4613479196609,1106
"hapyrvwtime","user",0.528489786606511,0.501419903091093,1.23091490979333,9,12.3013873707787,11.1145054815887,12
"Vandal Online","critic",0.52820407878416,0.543307884984309,1.33714881641477,8,13.038983942376,11.2943464801536,1492
"solutions10","user",0.52726724966483,-0.297094057130319,4.15799096787005,10,12.1022588092761,10.4793278476019,10
"Extreme Gamer","critic",0.527262524257804,0.546435152832487,1.28712726192635,8,13.2533933941952,11.6021718424844,953
"Moviebuffreview","user",0.527194756966249,0.617757073963939,2.5298221281347,8,15.0048763587456,13.5940227619037,10
"Xbox World Australia","critic",0.527107672587136,0.544079215722804,1.33901670926938,8,13.2878795107957,11.9564439384797,343
"DavidB.","user",0.525748366544815,0.459102422899978,1.53374735611213,9,14.0503881477819,12.0206832595938,15
"PTGamers","critic",0.525601728795197,0.536591839925984,1.57063311677963,7.5,13.5076039997587,11.4973406109313,275
"Totally360","critic",0.522161290079793,0.53916549278032,1.58797659949082,8,13.4800147686737,12.1777636005655,316
"Computer and Video Games","critic",0.522041705972469,0.510424341895585,1.28087764444508,8.05,13.9241144345997,12.4664827814973,264
"Sci-Fi-Dude1456","user",0.52026708679576,0.473788381048726,4.30116263352131,6.5,13.4150344839033,12.2255222693515,10
"TheSixthAxis","critic",0.517163617278847,0.581234445985112,1.61101560396613,8,13.3293461227078,11.5013267840589,518
"gordofredito","user",0.516921200526086,0.507539872183154,3.46940867249688,8,13.1390827383662,12.1857186407249,22
"JamesD","user",0.516621493185419,0.557966013957563,1.3025731060853,9,13.8775928199206,12.118374433121,37
"Digital Chumps","critic",0.516227907799579,0.485158595252011,1.33244945326002,8,13.0604901013436,11.3770825105751,635
"Maxi Consolas (Portugal)","critic",0.516179779307019,0.519311555689577,1.31021023842678,7.5,13.4150344839033,11.6660070020394,211
"GamesRadar","critic",0.514157044711575,0.500772697471572,1.76257818886853,7,12.6443308022626,11.0862076298889,2010
"My Gamer","critic",0.513996583437986,0.496760926837592,1.66672773636728,7.2,12.7656912906044,11.185665258861,492
"4Players.de","critic",0.513511538220833,0.562029017968579,1.46653713560488,7.4,12.3013873707787,11.2615591229087,226
"GamingExcellence","critic",0.513411503982686,0.508689561403593,1.58258133218635,7.7,13.180634172319,11.4848037296532,703
"Bret","user",0.512758580313318,0.35027061804223,0.966091783079296,8.5,12.8992226073355,11.4488721781708,10
"Eurogamer Italy","critic",0.51223789592484,0.519505334717036,1.48921902812292,8,13.1223653774023,11.3979522281293,915
"Electronic Gaming Monthly","critic",0.511446331522977,0.507611044677551,1.58748065609393,7.2,13.0604901013436,11.4777249071715,539
"GMR Magazine","critic",0.511072267240206,0.549286863825656,2.78088714861523,6.5,12.4292201968364,11.8133855497812,10
"GamerNode","critic",0.508691989219531,0.533018668269466,1.66524329435426,8,13.2176753753888,11.6641948550087,857
"ZemZ.","user",0.507902194027044,0.622286777932753,1.79947082168487,8,13.5589310108693,11.6150201760083,15
"dragonbillz","user",0.507378427511572,0.626916810411751,1.61932770686548,8,13.353476685668,12.1997929695729,10
"Jagkid007","user",0.506711713239809,0.653720311438265,2.35809373448259,8,14.8913978165329,13.8893024238218,22
"murut87","user",0.506708691437496,0.625080446223392,3.53190585581765,8,13.0170050839663,10.3309098279963,13
"Eurogamer Portugal","critic",0.506611262282628,0.542553513156094,1.47522518803665,7,13.3374763699232,11.6292408279982,687
"DarkStation","critic",0.505904145765017,0.536492829981245,1.52036027167288,8,13.2175100594073,11.6955067497106,660
"Exogenesis","user",0.505014480014875,0.400868320489461,2.23606797749979,7,14.6168384981431,12.7352059585283,12
"Gamers.at","critic",0.50491401736122,0.483257653091729,1.1274256155951,8.2,13.8002819696853,12.0457834079558,157
"G4 TV","critic",0.504890732883792,0.487089933685776,1.95820881746151,6,12.9239148777019,11.4048167319757,801
"Robbie111222","user",0.504649931843911,0.624357436678056,2.08637033540802,7.5,13.180634172319,11.8038248562967,18
"Strategy Informer","critic",0.503595572319706,0.525839211828876,1.66939534022089,7.5,13.2445436213096,11.6684532594838,614
"Ben","user",0.502935576002531,0.492553248264326,3.59107690440254,9,13.9865965320023,12.6126711300473,16
"GameBiz","critic",0.502172768780846,0.371466088929407,1.30437249618618,8,12.6905173200135,11.1240772203423,63
"AusGamers","critic",0.502057338107668,0.548501108889346,1.54479486339705,7.9,13.2877358537613,12.1860380630568,151
"Impulsegamer","critic",0.501424066091309,0.474557318950916,1.26813389187444,8.05,13.2085008228897,11.7253236874466,326
"Xboxic","critic",0.50102567068564,0.508380710999211,1.67916763915818,7,13.1741848060696,11.8671843026962,101
"GameOver.gr","critic",0.500995996615046,0.564741528449638,1.72590552475727,7,13.0815434662152,11.4888581568363,383
"N-Europe","critic",0.500787005131289,0.484098298659214,1.57242202996018,8,13.2176753753888,11.4934265915362,268
"RealGamer","critic",0.499937424514055,0.513547452133114,1.63373720231453,7.5,13.5670504807162,11.7683503227381,264
"PlayStation LifeStyle","critic",0.499434424946159,0.497138029194011,1.82534297047103,7.5,13.0170050839663,11.223187948206,443
"XboxAddict","critic",0.49895652369597,0.517602447398289,1.46425473662568,8.25,13.270785106659,11.9760438560323,482
"Gamekult","critic",0.496761081409812,0.522477516946445,1.6398258606302,6,13.1223653774023,11.2025341450917,510
"vixvicco","user",0.496683139950283,0.49636770475476,1.9315199276138,6,13.3212158754924,11.1768791376368,13
"c0mmander","user",0.496237199528193,0.370115091120355,1.7856107630448,8,13.4150344839033,11.9523216798729,24
"MW","user",0.495430474572731,0.556476147284553,3.01109061083632,8,13.038983942376,11.166709916066,10
"MikeC.","user",0.494569025937352,0.665944768249661,3.20342079064002,8,13.0497370218598,11.793751710793,21
"Game Over Online","critic",0.494068401752896,0.493206686527323,1.22323982854971,8,13.3212158754924,11.7982916718375,923
"PSX Extreme","critic",0.492752889560454,0.527624046032646,1.38018625713626,8,13.0815434662152,11.2689029573255,741
"Cheat Code Central","critic",0.49266052963789,0.492750832248178,1.555993841162,7.6,12.7068509637411,11.040951896668,3100
"IGN","critic",0.492519108924908,0.47100139782276,1.71383445399441,7,12.5425484535736,10.8459214272146,5146
"Gamers' Temple","critic",0.491932348870952,0.461323155438277,1.73411372357377,7.8,13.0170050839663,11.3840501337924,908
"Bustergundam4","user",0.491835247450085,0.383655500806151,0.267261241912424,10,12.6115410869661,11.1903068226376,14
"Gamer.tv","critic",0.491382919743246,0.748583120473125,1.5015143870591,6,13.700553567195,11.5905038737778,11
"Eric","user",0.489229114208438,0.620170586680283,3.72216945537753,9,14.3381169081681,12.4682695940254,11
"Gamer Limit","critic",0.489135148554394,0.466023634737589,1.54483446570951,8,13.399537282787,11.9388792181757,480
"GamingXP","critic",0.487510362953932,0.483043101157761,1.18661483365007,8,12.899222326087,11.181410329576,1362
"TTW107","user",0.48713015554555,0.416614651718919,2.40641843269258,8,14.2729360379143,12.5385081741691,18
"Game Chronicles","critic",0.485992146957713,0.488037406287175,1.55129096933741,8,12.7656912906044,11.1681268544058,1368
"PALGN","critic",0.48578074742067,0.48577685803087,1.45187946908772,7,13.1421679654829,11.3696705887598,1291
"PSM3 Magazine UK","critic",0.485341381899493,0.515403133144868,1.63152727626546,7.5,13.0604901013436,11.11859315664,967
"IGN AU","critic",0.485302651615774,0.489329088219805,1.07351642895,8.4,13.9552733699043,12.1999740870683,208
"MAINEiac4434","user",0.485095808509073,0.601732174429553,3.10452818284763,8,14.3607339873466,12.2973246640186,15
"360 Gamer Magazine UK","critic",0.485082928377975,0.530313597017989,1.60521239320821,7,12.9945322786191,11.7583154010048,250
"ReaIistiC","user",0.483071803555671,-0.105679261963983,3.70585122924995,7,13.5205774862052,12.4813398339344,10
"Gamereactor Sweden","critic",0.48277805306995,0.499664495467288,1.71562157000203,7,13.1615860136327,11.5375985651751,722
"Playstation Official Magazine UK","critic",0.482416384844755,0.530186383870113,1.75963500845546,7,12.9715428132484,11.1145054815887,1296
"IGN UK","critic",0.480708747300409,0.506218085295448,1.04321156341124,8.5,13.8924296563266,12.2105366333075,208
"Game Informer","critic",0.479562850816434,0.464264193560274,1.42772709298644,7.8,12.9480123712091,11.3302878582378,2350
"Digital Spy","critic",0.479278687718153,0.542287730761962,1.59563630110064,8,13.1421679654829,11.7500876347297,215
"Kikizo","critic",0.477767182902379,0.503216906772336,1.3121567622865,8,14.0143622363812,12.5128144223204,154
"GamePro","critic",0.476571295076006,0.47007947274185,1.66487794334073,8,13.038983942376,11.3715346855666,1782
"Yahoo! Games","critic",0.474180133732299,0.450007318250355,1.46953213400892,8,13.0815434662152,11.5671674078179,312
"GameSpot","critic",0.472782222758443,0.453248661342387,1.51487483870412,7,12.676079399771,11.0284983150588,3557
"TiagoRPGfan","user",0.471922235536302,0.100087000384158,3.84943915631639,10,13.0170050839663,11.6052493721157,11
"D+PAD Magazine","critic",0.471398682813472,0.50113215891597,1.71129605243345,8,13.3769770990834,11.5825391024859,434
"Rosco","user",0.471238021131481,0.576709943999613,1.65448446368641,9,14.3598594523176,12.6082081999437,24
"PSW Magazine UK","critic",0.47114558722434,0.535502333061131,1.55049682490497,7,12.8541233255065,10.9953185665992,100
"Andrew","user",0.471110889050802,0.442882754747096,3.44174203497213,8,14.3948942239717,13.2453104049326,17
"Absolute Games","critic",0.470858560910193,0.518866713458228,1.22022315480242,7,13.9894647054235,12.4771831651382,99
"N-Insanity","critic",0.470238177303127,0.426492098099099,1.10064008259221,7.6,12.4488304764902,10.982469813574,78
"ChrisK.","user",0.469507613715386,0.629527729927008,3.71333931776897,8,13.5238139139994,12.1105256475502,10
"Eurogamer Spain","critic",0.469118383683631,0.48194839070917,1.60508992443406,7,13.2445436213096,11.6079412078505,532
"Andyman","user",0.468576758906052,0.413644651168073,3.16635270835139,7,12.9109584767071,11.3213227687125,76
"Armchair Empire","critic",0.467084839250357,0.463981193019925,1.39882012673558,8,13.1223653774023,11.5710151117448,730
"Canadian Online Gamers","critic",0.466823444453165,0.522136285920466,1.52779724300607,7.9,12.367118652352,11.7502741108491,131
"EastonReviews","user",0.466804146385059,0.526265426471703,2.79822251815036,4,13.14139844161,11.8192606888883,29
"JamesK.","user",0.466713748907841,0.445657612969718,3.15171910761942,10,16.0594067606542,14.3228190037048,16
"Worth Playing","critic",0.465964247470674,0.467711666744941,1.49899853142392,7.5,12.7068509637411,11.0443048589345,2406
"Games Master UK","critic",0.465771208676552,0.475987933932837,1.51119629025707,7.7,13.0057686812927,11.2260426623235,1974
"Times Online","critic",0.465566266462002,0.330585142003571,2.1868958962882,8,12.6279359446143,11.3039882913856,61
"Play.tm","critic",0.465327244213685,0.476562175667955,1.70885641561803,8,13.399996629153,11.5977536271465,615
"Game Almighty","critic",0.464401492768734,0.473522986177507,1.64795955105289,7.3,13.0279945131711,11.4046414077402,269
"JohnS","user",0.464084163469531,0.449880538290676,3.50216383328243,9.5,14.0623714171455,13.0831047435321,12
"Game Revolution","critic",0.463826237445911,0.452642792807734,2.07714157989428,7,13.1223653774023,11.4738415424607,1684
"Gamer 2.0","critic",0.463593596723224,0.47924993702184,1.32598557788618,8,13.3847291803322,11.7424804192454,820
"WyattG.","user",0.46299942067005,0.441994419082375,1.64082530828473,8,13.5144068165308,12.692490816044,13
"GioD","user",0.462390057809683,0.703069831082376,1.89466186686268,8,11.9183972397228,10.9602877733898,13
"Sceptic","user",0.46021317346369,0.566029940332377,1.62894732504004,8,14.0061317440189,12.6877794002698,50
"Gamer.no","critic",0.459881109694551,0.485791048423873,1.72633108279791,7,13.180634172319,11.597736620788,316
"NZGamer","critic",0.456199097352494,0.407126887006185,1.28219739909251,8,13.4444483258478,11.774844713706,976
"GameDaily","critic",0.455810809659169,0.429194669412415,1.45251180172909,8,13.235693848424,11.5075510486328,992
"IC-Games","critic",0.455633527742806,0.443131627352149,1.0940515032717,8,13.3212158754924,11.7591056243095,109
"WHAM! Gaming","critic",0.454301357983262,0.402500884709946,1.84320054974097,7.8,12.8075615377628,11.4426345860992,230
"Deeko","critic",0.452614375308284,0.411057894908183,1.58571414879925,8,12.8212609873195,11.2281059549502,376
"sinadoom","user",0.452395308533654,0.430728122591973,2.95946471047536,6,13.8054612322113,12.1999740870683,51
"GameZone","critic",0.450124944709999,0.434804579411389,1.47476407603387,7.5,12.6115410869661,10.9357105864815,2385
"JG","user",0.449936588144437,0.200215545267343,1.01904933073014,8.5,14.7917409747333,13.5707563210082,14
"GotNext","critic",0.448613493249532,0.403465255595485,1.71309777265597,8,13.3842555847857,11.3925347895593,103
"PaulD.","user",0.44683478255236,0.570717209453055,2.52931530209974,8,13.483523622922,11.919127432583,13
"1UP","critic",0.4460283061775,0.450944818320739,2.07561830569788,7.5,13.038983942376,11.3585964359064,2091
"The Escapist","critic",0.445600371618703,0.489380865972108,1.6717356667458,8,13.458837042596,12.1867216162483,240
"AceGamez","critic",0.445409394648045,0.440312795402845,1.7862703957397,7,12.9480123712091,11.2204452330735,1170
"Gaming Age","critic",0.445120985367331,0.427853792334883,2.18710983625125,7.5,13.038983942376,11.3732380198201,1846
"GameSpy","critic",0.44455734345805,0.469207623144562,1.79628723785338,7,13.0815434662152,11.389287824512,1298
"GameTap","critic",0.443334762325855,0.369077950949044,1.63179906367076,7,13.270785106659,11.6910298084742,196
"Total Video Games","critic",0.443073483846048,0.506591483312058,1.27035655924309,8,13.5410750280511,11.8386833646742,516
"Next Level Gaming","critic",0.441707129335031,0.448357849019096,1.10816793110161,8.3,12.5776396502326,11.3254175964668,160
"KyleM.","user",0.441249070735613,0.527991719334203,0.687551650952329,10,14.4942269898293,13.0993373114248,11
"WonderwallWeb","critic",0.440797120013497,0.521225156666408,1.45332922491728,8,13.2878795107957,11.4669652925938,452
"BigPond GameArena","critic",0.440763804584035,0.490608870311835,1.74909554382751,8,13.7156760654052,12.2433526427308,254
"TheDude","user",0.440410502771768,0.408165291339513,1.00904995821903,9,14.303413246441,12.7732550934872,11
"niconline","user",0.440349153397321,0.317049458008101,0.976320628914164,8,14.0466230725781,12.948995219048,29
"DarkZero","critic",0.440081310654171,0.46361808551144,1.79715641822887,7,13.3769770990834,11.7183960211659,533
"RomecoolR","user",0.439827115227008,0.350829632002493,1.50504203102489,8.5,13.5410750280511,12.7440502940759,12
"MichaelB.","user",0.43813751872683,0.409307861116967,2.86030045298019,9,14.0701535515314,12.5867668046464,14
"Guardian","critic",0.438106430014627,0.440939583113948,1.58413212544596,8,13.5008011829866,12.123095211623,216
"gm101","user",0.437257010042544,0.106449290132695,0.776250025806185,10,14.4467828667209,12.3460389148552,13
"dante_finn","user",0.437178440851797,0.588413814644461,2.81220495910702,8.5,12.5399911138614,11.1647981644733,18
"Gameblog.fr","critic",0.436541851213752,0.462150158419635,2.04676981281889,6,13.1021627109011,11.4559063516443,625
"Telegraph","critic",0.433520345898268,0.416074491251441,1.52951346660447,8,13.5923682566493,12.1101356349393,338
"MonsieurEames","user",0.432885361603069,0.259707108409387,2.15146180044822,9.5,13.827857874015,12.4372625117471,12
"GameShark","critic",0.432848834990859,0.459380129867917,2.22562554910759,7.5,13.038983942376,11.3892199258621,1396
"Nintendo Power","critic",0.432790881165705,0.426886557345783,1.49001237670278,7,12.345838935722,10.6578944473163,1040
"LEVEL (Czech Republic)","critic",0.431916805834302,0.424291806823481,1.44466746988129,8,13.4298495477394,11.7530441204904,383
"Gameplanet","critic",0.43160025662513,0.464806921562902,1.38481484764965,8,13.5923682566493,11.9465438551972,611
"Max","user",0.431360397639364,0.516940462542947,1.48477117918737,8.5,14.054528245836,12.55407105699,12
"TotalPlayStation","critic",0.430457457361312,0.462371761025502,1.64899024429148,8,13.038983942376,11.0697896418408,613
"Barry","user",0.429966795983567,0.467783639474786,1.82574185835055,8.5,13.8831701410171,11.777886355285,10
"JeuxActu","critic",0.429223871862662,0.523388319793984,1.27875951031689,7,12.3013873707787,11.4048167319757,91
"Just Adventure","critic",0.428903881379826,0.610699646025084,1.96023139514373,8.3,12.3034493135449,10.099802949797,27
"cyphid","user",0.428695604447526,0.242296834503678,0.738548945875996,9,14.1229959930061,12.6976726355072,12
"Nintendo Life","critic",0.427513988064118,0.348626174388466,1.91256025596007,7,12.6115410869661,10.7328032703959,1153
"metascore_critic","critic",0.426343034055104,0.382162531546327,1.40714504016881,6.7,12.3883983689821,10.6467335643965,1147
"Huey_Freeman","user",0.426312999491055,0.0900244368690665,0.363136519601281,10,14.140422324701,13.2538222544762,14
"RPGamer","critic",0.425794744138227,0.452712241824743,1.83070145771349,7,12.5061809416774,10.8208344064308,217
"iloveFFC","user",0.424867643482975,0.174994163836831,1.69841555121689,9,12.4999697279741,11.1862505242919,14
"Level7.nu","critic",0.423302902680153,0.417941753211823,1.53057266137734,7,13.3847291803322,11.7440213127918,656
"Mr.Review","user",0.422943584196843,0.545849011840259,1.54065777303929,7.5,12.6115410869661,11.5731358833692,14
"AtomicGamer","critic",0.422836949935179,0.446535915360927,1.16525140714596,8.45,13.353476685668,11.8478178829062,520
"Gamer44","user",0.420288885010745,0.662500926873401,4.71087122433926,10,13.1707471179367,11.825581064422,13
"MANU3L69","user",0.419671856481104,0.0648333391583482,0.707106781186548,10,14.0855384585358,12.4941833760949,10
"JamesT.","user",0.418593329892913,0.654199232570666,0.981649817214043,9,14.5621989793858,12.2628309793488,11
"grandpajoe6191","user",0.418018487448386,0.495724238857474,2.00438116625784,7,15.4128760915932,13.5006395263067,39
"VideoGamer","critic",0.417979236382698,0.436538063222566,1.493656761807,7,13.2176753753888,11.4855748229474,1638
"Pure Magazine UK","critic",0.417569877493436,0.326176228109812,1.74169453494889,7,12.7938620882062,11.0228334075911,83
"SilentINU","user",0.417475090065412,0.2193109953913,1.25064086135971,8,12.6115410869661,11.0426818069199,13
"Machinima","critic",0.416838045137724,0.421496032482448,1.47421890968839,8,13.0170050839663,11.6145879554205,333
"GRYOnline.pl","critic",0.416760012968858,0.477029776656697,1.31127391908322,7.5,13.2085008228897,11.9566003307587,99
"Nero97","user",0.415980095402409,0.217759653914493,2.65832027165025,6.5,14.6588585932332,12.4790178172798,10
"Gamer's Hell","critic",0.415144981373549,0.429936989886635,1.35681661222591,7.5,13.3212158754924,11.7530441204904,208
"Joystiq","critic",0.414594745770478,0.453994184509568,1.85212179970225,8,13.180634172319,11.8442846522046,425
"Videogameszone.de","critic",0.412719419163766,0.442379518469238,0.784552172095331,8.5,13.4516426842219,12.0258290919008,208
"MikeS.","user",0.412479685843636,0.439759695372649,3.64561053741019,8,13.5008011829866,11.8447225041531,21
"Official U.S. Playstation Magazine","critic",0.412226711743873,0.419097754448053,1.75547510562162,7,12.2781274711859,10.7837779793095,172
"games(TM)","critic",0.411166259130237,0.387995291103979,1.64897218728006,7,13.1223653774023,11.4854974997104,1199
"mustard_tiger","user",0.410130391688123,0.464094511139688,2.06559111797729,7,14.3587472611222,13.3351472545295,15
"JeffZ.","user",0.407068079754009,-0.00664071161139909,1.10050493461461,8,14.7189335200737,12.5440729322637,10
"Gamestyle","critic",0.406889896231719,0.349101290410703,1.78743269646413,7,13.270785106659,11.6539854796847,752
"AndrewL","user",0.40547166581205,0.338389990875268,3.20385796850499,10,14.217184213896,12.3127462607949,18
"Sydney Morning Herald","critic",0.405118480868046,0.428264241192783,1.59767396918184,7,12.8212609873195,11.2581493376312,161
"Play UK","critic",0.404670827104615,0.449814990260454,1.63191779479225,7.45,13.038983942376,11.1301705178884,1116
"Wired","critic",0.402480747342881,0.361021016820371,1.51794933669921,8,13.980989933449,12.5452238988181,169
"DarrenD.","user",0.401041077158324,0.205510952859622,2.47190091177763,6,12.7367038377645,11.6992224426303,17
"Computer Games Online RO","critic",0.3996867722428,0.571296971177946,0.505698749550009,8.3,14.1899677276022,12.487980239224,23
"MWD2490","user",0.399331382743428,0.459564885654561,2.3963820769701,9,13.809981100462,12.5778955542237,17
"GrumpyReviewer","user",0.398351670272029,0.41386413126099,2.2351518377594,8,12.9359636244555,11.4423147150171,63
"MichaelS.","user",0.398172053071359,0.226520329140376,2.99454842362549,9,13.3374763699232,11.9609326873441,18
"RPG Fan","critic",0.397305160102342,0.421152238018834,1.0553776432589,8.1,12.5061809416774,10.8314597371638,343
"Pelit (Finland)","critic",0.396085900264389,0.37877127111941,0.797489192909446,8.3,13.353476685668,11.6619918128881,738
"Play Magazine","critic",0.395761746714157,0.399409869832486,1.30485595214307,8,12.7068509637411,11.2299705293523,564
"BenD.","user",0.395486704186538,0.192242529162513,3.19855736712181,7,14.017743682672,12.2754136807483,13
"Thunderbolt","critic",0.395121449995,0.398528658421483,1.80229260889445,7,13.180634172319,11.5403553628571,1131
"UGO","critic",0.394402616636267,0.423177486148534,1.32959860364266,7.5,12.4292201968364,11.1816052235408,48
"Gaming Nexus","critic",0.394389472279357,0.360289548623014,1.93590070697236,7.5,12.899222326087,11.3302878582378,1025
"eToychest","critic",0.39435353152538,0.399744650454378,1.52858949438203,8.2,12.5243646976255,11.252701035594,229
"Giant Bomb","critic",0.393879139370826,0.414758557457339,1.9460364162048,8,13.5670504807162,11.9882586170457,664
"Spartan111","user",0.393698560089431,0.490880247441447,1.66332999331662,8.5,14.7797911948872,13.2435181915307,10
"Metro GameCentral","critic",0.390392609955577,0.393977359055333,1.84195858167511,7,13.038983942376,11.3309598448233,1080
"NeilV.","user",0.388448038969331,0.57554649493567,1.56702123647242,9,13.5144068165308,12.3588581081581,10
"3DAvenue","critic",0.387755512934468,0.38304948548177,1.38124116666635,8,13.0710167837794,11.5701516455936,81
"Eurogamer Germany","critic",0.387424614899162,0.430374115248495,1.47889197570656,7,12.6268595250018,11.4941718547199,170
"Luigibarqs","user",0.38711867977133,0.322861092368947,2.5599757686019,8,13.8472805396496,12.0188830876691,34
"The A.V. Club","critic",0.386848676663905,0.370015452623737,2.12543196859088,7.5,13.353476685668,11.8020290266273,595
"roachtbp","user",0.38683344437576,0.350920142976164,1.97714210644832,7,13.9748111017315,12.4964700958052,12
"Nintendo Gamer","critic",0.38475838977988,0.382804114497675,1.99819273742728,6.4,12.345838935722,10.6178088712757,1393
"TamantaX","user",0.384718937949796,0.452044050561599,1.9021518914592,9,13.458837042596,12.2604282462677,11
"Adam","user",0.383359875460244,0.197760825136823,2.41333292858151,9,13.353476685668,11.9564439384797,14
"JackS.","user",0.382776008702917,0.365036345510901,3.48966728754731,7.5,12.8475827847623,11.5246312078508,10
"Eurogamer Sweden","critic",0.382588007055073,0.377238077057697,1.84214759750715,7,13.0815434662152,11.4994855526035,391
"Wii Brasil","critic",0.382206510024177,0.290469671766613,1.65374402758427,8,13.2533933941952,11.6154910785254,223
"XRAIN","user",0.381033937947012,0.378330848416826,2.32982930172221,6,13.8358905382628,12.5778404534369,18
"Push Square","critic",0.380918189383427,0.48066495969843,1.48369012593486,7,12.254867571593,10.9683995213238,203
"GameBrink","critic",0.379634674874289,0.295508544736484,1.34359958737664,8.2,12.8075615377628,11.3179173816119,191
"Digital Entertainment News","critic",0.379067133464841,0.392157047991728,1.70494977919464,7.2,12.5061809416774,10.8953865591185,421
"BillS.","user",0.377229333118969,0.54404638755411,2.85968141193696,9.5,12.1547846142867,10.4851164080975,10
"MattW.","user",0.376853319679117,0.468703293885754,2.33719917850405,9,13.4298495477394,11.824900069991,16
"TheQuietGamer","user",0.376051723413456,0.368922086925619,1.88234932828917,8,13.7482885792365,12.0090526850009,160
"gregthreet","user",0.375797252671142,0.0715087979156895,2.0792155383466,6,13.4150344839033,11.4448821425189,51
"Jolt Online Gaming UK","critic",0.375557979237316,0.390250418700831,1.53710301343804,7.7,13.2176753753888,11.5393854493578,452
"ApocalypseBrown","user",0.374695034289824,0.434830788639083,2.04994143501849,7,13.6291096000234,12.2665825196643,60
"snowsnows85","user",0.374364877340083,0.331989259363765,1.52189896858768,8,14.4781990465033,12.8424007664277,17
"JackH","user",0.371686679407163,0.207079227267146,2.61497518881064,8,14.0236149748203,12.1296809161468,15
"xXRenTyrellXx","user",0.371003835453205,-0.0889940600915627,2.25092573548455,9,14.6356109381621,13.3530306945028,16
"The New York Times","critic",0.370147195219656,0.369448038459198,0.975181259296328,8,13.3923629047426,11.7993417335764,103
"CiaranG.","user",0.366252076977398,0.449730439271776,1.95407805694439,8.5,13.6291821845913,12.3935393376201,20
"ChrisH.","user",0.365298716445302,0.336388552590079,3.16227766016838,8.5,13.458837042596,12.3168310662496,14
"ReelWorld","user",0.363378755375552,0.346506532595991,2.08893187146837,7,12.4684407561441,11.1433823660381,11
"Official Nintendo Magazine UK","critic",0.363116697169671,0.376567044069491,1.70496526296814,7.4,12.7367038377645,10.9080638492776,1188
"VermillionHaze","user",0.362912570139902,0.426845055848471,2.38242018248795,6,12.5776396502326,11.1331281036106,28
"Edge Magazine","critic",0.362488387192596,0.382916597679797,1.61652662456013,7,13.180634172319,11.5191699046093,1130
"JasonM.","user",0.361497673315577,0.465502520624256,3.28794860978788,8.5,13.5410750280511,12.2520493317702,12
"Nintendojo","critic",0.361431217705627,0.358848729726999,1.76685541513944,7.5,12.5945903685993,10.9265017747889,611
"Giar","user",0.360475041453927,0.333235078878492,1.39339816332534,9,14.380824935196,12.9947572527992,22
"Detroit Free Press","critic",0.359764619507531,0.299903233520936,2.1769681202596,7.5,12.6443308022626,11.3576858591449,147
"Hyper Magazine","critic",0.359529411117396,0.384963286373673,1.63018288908762,7.5,12.5061809416774,11.6525134791773,116
"Cubed3","critic",0.358792132101759,0.352934797851796,1.60194335731266,7,12.7068509637411,10.8404824659686,483
"Variety","critic",0.357731112434863,0.432165133657255,2.24695061223906,7,13.7578061928141,11.9802153144054,58
"Chris","user",0.357215525533629,0.346849681160704,2.05341769168482,9,14.8415525122204,12.836074999975,27
"Eurogamer","critic",0.356019825500895,0.372695970207581,1.79731651199955,7,12.9715428132484,11.2525877256167,2286
"Theguyoffire","user",0.355805631427012,0.254324250906314,3.25812593608421,4,12.4654734112778,11.5888951184277,27
"JPoppaWUSC","user",0.353761030466912,0.50279750048225,1.45896244933563,9,12.7856940811596,10.4716520555371,21
"Zilcell","user",0.353222767709773,0.273020459894653,2.12349444316149,8,13.8589672019709,12.135885383594,121
"doodlerman","user",0.353185747595346,0.407338168448155,2.55976189368874,9,12.6900427619412,11.1428187295681,15
"RewiredMind","critic",0.351634579445821,0.405812744617232,1.97028487075096,7,12.345838935722,11.0779491534877,89
"Alexcritic24","user",0.350424291321556,0.281322620883096,2.45319828350295,7,12.6443308022626,11.322889346324,11
"Nintendophiles","critic",0.349592694060221,0.374292267246705,2.46759956618727,7.9,12.4292201968364,10.8821707544265,28
"BigDave81","user",0.349147829446796,0.334035110392672,0.904534033733291,9,13.8643016745142,12.4178640038415,11
"Oceanicus","user",0.34895866546336,0.395789850992934,2.47463320995446,9,12.6311514755936,11.3024191524425,15
"DelTorro","user",0.348621533715527,0.328600995009091,2.82842712474619,7,14.1375947817708,13.2190435274616,17
"Official Playstation 2 Magazine UK","critic",0.348553221817469,0.427415270782035,1.60818534898652,7,12.4292201968364,10.5764065152491,231
"Jarbas6","user",0.346174079151833,0.305003305328062,1.16732059119908,10,13.928840136128,12.6877794002698,14
"Games.cz","critic",0.342390558541882,0.414474021763991,1.50534542274466,8,13.353476685668,12.1931782723574,102
"starmario123","user",0.342269686839532,0.111283250185688,0.635563440342117,9,15.2084884269828,13.7632145088368,29
"Folstar","user",0.339136691319066,0.358220706447121,3.08336550819763,8,12.5625511033733,11.1941671717101,36
"Destructoid","critic",0.33639581147419,0.372177140060649,1.88203089638999,7.5,13.038983942376,11.4625159904251,1074
"GamerFeed","critic",0.336194999102415,0.370233138843165,1.43472699787854,7,12.5425484535736,11.2981592257855,154
"jdogginess","user",0.335162942026264,0.377561327289568,3.02056443795022,8,13.4298495477394,12.2738527819511,15
"drewezbreezee","user",0.333805038329367,0.0823301651358463,2.71048391332571,9,13.9804509669723,12.663261174514,44
"SYC","user",0.33221202037979,0.794864292489815,1.79195734076208,7,14.3882431642241,12.297572064224,10
"Watermelon789","user",0.331371988774252,0.216371070091749,1.51640520884314,8,14.1229959930061,12.6434045699767,137
"Jake","user",0.331313449269448,-0.0955365998397467,2.59272486435067,7.5,14.3372723126162,12.911463889347,10
"Zero2k","user",0.330850975861567,0.130419227881352,2.49637418228338,7.5,15.7215015323504,13.5637293047606,24
"NintendoWorldReport","critic",0.329184920450466,0.301618282853463,1.82641568570518,7,12.6115410869661,10.8409133569402,1036
"EvanB.","user",0.326667773915906,0.0324302991737262,0.218217890235992,10,14.5382170262025,12.8035813424,21
"PSM Magazine","critic",0.324930066552217,0.358970986498281,1.32815902619469,7.5,12.4292201968364,10.7535337707722,291
"IncGamers","critic",0.32455953716208,0.398394503420251,1.65750491664307,8,13.4371489367936,12.041902629796,234
"Redz0ne","user",0.323522454672474,0.356167717954887,3.43450627213481,8.5,12.9564442622905,11.4672169031249,16
"Stealthgear","user",0.319378466288927,0.23995409787036,1.69030850945703,6,13.3692250178346,11.655457480192,36
"OttawaExile","user",0.319162357403891,0.33495178897628,1.39208781933182,8.5,12.9787914687385,11.3580761902854,18
"Siliconera","critic",0.319140426100872,0.513470316341693,1.30770993081719,8,12.7503565259737,11.0107029515064,20
"Sam","user",0.318643977959911,-0.0624585236016838,3.473025303954,8,13.1743651731324,11.5929914841193,21
"Connor_Monteith","user",0.318017047284602,0.266308668699373,1.28668393770792,9.5,14.0478185382337,12.6506942822912,10
"JL","user",0.315906082157168,0.201872910534103,1.75045781557356,9,13.4730216574672,11.8386833646742,13
"Bjorn77","user",0.314537674620043,-0.0738821508477994,2.91807325390428,9,14.5489871870347,12.5434381860438,12
"Computer Games Magazine","critic",0.310828458384639,0.187741949756594,2.15052365346838,7,12.6914651817561,11.3120883160118,64
"Gamenikki","critic",0.310502582010912,0.335647974402598,1.2530266388133,8,12.8479291632781,11.4639767882383,33
"aadms","user",0.309102606445429,0.384829297574642,2.61150852405201,6,13.6720039032365,11.8287320205372,42
"NateB.","user",0.308482890217995,0.279930005981084,1.69491217257039,7,13.5545687469537,12.3632644624339,11
"Kogia","user",0.307634707846636,0.399867682084659,1.85292561462497,7.5,14.201675318615,12.5930438325373,10
"imthenoob","user",0.307540402796817,0.278267782750318,2.68710119283082,5,13.6241490083911,12.3550836814512,40
"GameCube Europe","critic",0.307450581406981,0.451549801286358,1.34252782182752,8,12.4292201968364,10.4890773616723,15
"FrozenStar90","user",0.307305183320699,0.269351996523822,1.57181049598675,9,14.0012931672147,13.0189551624633,17
"Modojo","critic",0.306935385844294,0.341677992732681,1.87719816347408,6,12.3236131532503,10.60984878658,529
"MattP.","user",0.30464282971421,0.339190856884379,2.67649703224875,8,13.7746896051101,12.4821653195912,11
"n-Revolution Magazine UK","critic",0.304619395236976,0.242597189327595,1.57470348897021,7.05,12.9945322786191,11.2812707966376,186
"AlexC","user",0.304391839842858,0.364053796202738,1.90692517849118,9,14.0520109184526,12.7514903212462,12
"ChristopherS.","user",0.302987321933726,-0.00484762001360937,1.50213523239762,9,13.830388022284,12.1027285894335,13
"raefon","user",0.301090603509986,0.390561813805617,2.33464118239815,2.5,12.899222326087,10.9691805655581,14
"netjak","critic",0.300561277436751,0.311121316540743,1.84599345400507,7.1,13.3847291803322,11.6446640013881,151
"ChrisB.","user",0.299838453590529,0.19518139392677,3.90006747579955,9,14.0904671873816,12.6232820995763,19
"Keoki","user",0.299364944297082,0.356255471822668,3.45972498469126,4,14.4032977784218,13.7053183886443,12
"GamesBeat","critic",0.296383702604201,0.28401779537279,1.55944372395805,7.9,12.8212609873195,12.0480256448956,113
"timbers_WSU","user",0.294541534380523,0.330776239180211,3.00914357499689,8.5,12.6359361161409,11.6255926773689,14
"TonyG.","user",0.291584534260443,0.26328616952698,3.33821359199426,9,12.6115410869661,11.1593457259388,38
"7dogguy","user",0.29105194230765,-0.0247568798958984,1.44947756853112,8,14.0616078962169,12.3760034776899,29
"Pocket Gamer UK","critic",0.290790142437924,0.307245695090078,1.61093094505278,7,12.4292201968364,10.5511927076495,799
"detroithardcore","user",0.289588198562366,0.343870936910887,0.966091783079296,7.5,13.5860788734572,11.6581941361882,10
"Zzman","user",0.289479135039991,0.0517527102096239,1.92230020944651,8,13.1548845245175,11.2843802749626,15
"Xborn74","user",0.284883014149082,0.354479879307394,1.62235617970296,7,11.9380075535641,11.1760318079638,73
"Polygon","critic",0.28467152245711,0.266774299130576,1.8194776457843,7,12.6914651817561,11.9606346381155,96
"NickB.","user",0.283999171170225,0.319033891086248,1.58591329136934,8,13.1181477356114,11.1947335417823,32
"MarkD","user",0.283269999007427,0.121575375381173,1.92117388356939,8,14.1694060355653,12.2472827793715,11
"diehard-gamer","user",0.282294143490609,0.372873650460802,2.33973480855395,9,12.8274316674751,11.8960608061379,13
"Zorgly","user",0.2816808492458,0.317911682359475,2.57645012334709,8,14.5533385678972,12.6767119099086,15
"Cartteros","user",0.281640442159081,-0.066761536684245,2.2962419891482,9,13.5923682566493,12.4241714936996,12
"TobyO.","user",0.28060195569536,0.137120762719942,1.58113883008419,6.5,12.7938620882062,10.9217751493324,10
"BryanM.","user",0.27768755032234,0.209223187231571,2.68921242046622,6,13.0170050839663,11.5977536271465,38
"iamtrent424","user",0.274424563087402,0.40905286252979,1.74945879077104,9,13.1993262703906,11.5603337223652,12
"PSM2 Magazine UK","critic",0.272558493390819,0.0868649314521645,1.39069568301574,7.2,11.8494048444231,10.2629436255477,30
"DeVr33z","user",0.272514453390681,0.180716938060878,1.5327674690187,8,14.9723920692217,13.5890201622092,34
"Zentendo","critic",0.2718626241702,0.286867397592373,1.54959088819689,7,12.9945322786191,11.2812707966376,227
"RezzaDee","user",0.270585155036474,0.131674258509356,3.62236641734909,9.5,13.928840136128,12.4720266131431,26
"Mattaclysm","user",0.27027289956224,0.296260655758229,3.64869033715806,7,13.4870078798802,11.9130697760439,51
"NTSC-uk","critic",0.265375012403577,0.2877904855269,1.78618391354252,7,13.180634172319,11.572075497557,294
"Wormoid","user",0.263652002855522,0.207814740205991,1.70262289752687,8,12.9353825696677,11.0920764705819,31
"Weekly Famitsu","critic",0.263271688257983,0.44274738788597,1.11667022032128,8.3,12.9581137328043,11.3572406359847,15
"ZexenVatenkeist","user",0.261937048857216,0.374892200549321,1.79778367547123,7,14.4467828667209,12.8611596392656,18
"dharma","user",0.261549687253414,0.360334754531378,1.64012194668567,7,13.0147779187122,11.8542378182703,25
"evanbiddulph","user",0.260069943034211,0.373620787151671,2.57645012334709,10,14.5502080027942,12.7237610024715,15
"Susano","user",0.259597559767583,0.296503565504467,1.63512547157142,8,14.1375947817708,12.1231148598089,42
"DjFIL","user",0.259149133167325,0.110452559057103,1.22279928657082,8,12.3883983689821,10.9217751493324,15
"Review9","user",0.259111406828108,0.322581424762826,1.59963231069261,8,14.9723920692217,13.9806715441544,17
"Dyskresiac","user",0.256652413769806,0.369880665554441,2.91107522650291,9,13.1615860136327,11.9882586170457,13
"dmonee","user",0.255477978044525,0.38691580174363,1.80810142669895,9,14.0143622363812,12.9204087469392,13
"yolandivisser","user",0.254146569940553,0.156540172476862,1.93814608747903,9,12.899222326087,11.2385017770766,13
"JohnM.","user",0.253949698679662,0.343667267159491,2.89919006453579,8,13.4730216574672,11.9234112815353,33
"hit925","user",0.251151104674126,0.122380552655336,2.67064653991809,9,15.1151862685226,13.1194960632994,17
"darkwraith","user",0.248662530484794,0.398146147955006,1.07308673997732,8,12.7367038377645,11.2228672383655,34
"Mark","user",0.248079174410956,0.275616120243267,3.90415474109624,9,13.686450074962,12.4341311610628,12
"MiOdd","user",0.247356702786182,0.247007589694684,1.47357679522601,7,13.0122916742801,11.5026238076238,15
"diamond_dave","user",0.244877093855675,0.16697116182443,2.3598778716331,7,13.6636059960844,12.4323120989817,55
"LittleMeow","user",0.243180956497601,0.201522196532574,0.792961461098759,8,13.7321300359812,12.7292496756551,12
"DWlubu1998","user",0.240679445722517,0.171313160625314,2.56896226121893,7,12.6741224623653,11.2726730056491,22
"Alexwise","user",0.240100614648015,0.235332014300266,1.94212152223545,9,13.5476110602907,10.9290715978339,34
"TheChaser1985","user",0.239538284668678,0.305423640758287,1.55379719213471,7,14.4032977784218,13.2190435274616,21
"RedXIII","user",0.23581380769884,0.154390008066066,1.63216653909337,8,14.1375947817708,12.030259860649,39
"Tranquilbez22","user",0.235773373478855,0.395105599770461,1.78670302297491,8,13.5076039997587,12.1399674113727,14
"dupplawt","user",0.235195363085689,0.286334215791303,2.19808529119514,6,14.6397730259054,13.0970054049667,20
"Jbrizzy","user",0.233828003650734,0.167332702555515,3.45884899404937,3,13.1586186573196,11.6939028218561,11
"AnonymousMC","user",0.233062156241508,0.250036570863112,3.18711508312006,9,13.9421343866036,12.3432618541786,259
"JamesC.","user",0.232640038787218,0.286380402458038,3.95071982485508,9,13.9015208076031,11.6654199498541,19
"Sonicphoto","user",0.232377179535007,0.228606481145832,1.10023920844036,8,13.6762496400554,11.9587964810466,19
"xXAnthonyXx","user",0.231567423895747,0.279019170214016,4.02906109823782,9,14.0701535515314,12.8851792164403,10
"guest1321","user",0.230201868133168,0.156128329945433,1.42427926635594,7,13.1421679654829,11.700897693273,15
"Kirisoul","user",0.228338904789315,0.184085846702509,1.46680440124618,9.5,13.2532394775415,11.7958144447189,12
"Higher_Standard","user",0.225546095707167,0.0633690238168971,2.85623926987891,6,14.3102074095563,13.2190435274616,23
"Sly101","user",0.224420101365379,0.028825710489799,1.66332999331662,7,13.7429409403977,11.8038248562967,10
"PSX Nation","critic",0.222996856692732,0.357599949951963,1.06072949370871,7.9,12.9718131823609,11.3606997581785,17
"JasonH.","user",0.220723960656101,0.27312502462551,3.09595983828302,8,13.3212158754924,11.6233391916246,18
"FPSMaster","user",0.218457238149007,0.193991622849455,1.34001946773659,7,13.5856039656411,12.0653322544997,46
"rathowreck","user",0.217632041656599,0.394744450868938,1.59311383645565,6,13.8516718701489,12.3351574244789,19
"wesker2012","user",0.216341278242332,0.175228934248145,1.53559987336567,6,13.3691029330001,11.9094093420388,73
"Subject98","user",0.214343155904935,0.373843219528095,3.21909507461572,8,12.4292201968364,11.1145054815887,19
"GameCritics","critic",0.214129536511827,0.254002949046842,1.94445346497263,7,12.8735757446825,11.3747142687513,547
"KDep","user",0.211731092375316,0.0409493148860044,2.24179415327122,8,13.3847291803322,11.9583161659507,13
"Anonymous","user",0.211646396896653,0.23586952065617,3.67459270926008,7,13.5923682566493,12.1026331810003,20
"PSX-Sense.nl","critic",0.211167772123512,0.300952813593578,1.30348657014598,8,12.676079399771,11.4613479196609,77
"SimonG.","user",0.209713474770659,0.146849645344854,1.99039583483352,7,14.1006902520774,11.9436813806982,34
"RyanS","user",0.206670500806764,0.151447588934421,0.974961255922229,9,14.0701535515314,12.2903034937634,14
"iBash","user",0.206134599333681,0.282465893415541,2.43167503549732,7,13.0760884927837,11.2372709519023,24
"FredB.","user",0.205792342431447,0.164686512924375,3.72705099118715,4,14.2951862912367,12.7611339837411,11
"Isaac","user",0.205267744109128,0.234999058259012,1.3451854182691,8,13.8642563210698,11.9260933961938,15
"BonusStage","critic",0.203971754979561,0.247131022145693,0.839389200366479,8.5,12.5425484535736,10.99038144825,85
"TylerH","user",0.202808427667355,0.212258704064914,3.59292233552173,3.5,14.4252766730633,13.3118889230468,12
"[anonymous]","user",0.202582112090438,0.162848038684254,2.76662624494542,9,13.8831701410171,12.138398546937,56
"IanI.","user",0.201413112437551,0.275706474214351,3.48798049093431,6,13.9890054917809,11.7989521742664,23
"PaulM.","user",0.200561358283289,0.222079737768991,3.56328074910885,9,14.0386229435075,11.9519842615921,12
"Inuit_Dude","user",0.20047907606909,0.131107708762986,3.22914052827697,5,13.8690410419991,12.2654098358753,68
"colonelfrost","user",0.200227292342217,0.160953740099253,1.42062726222673,9,12.2781274711859,11.1424742633671,11
"Quarter to Three","critic",0.197532918594823,0.246548147261117,2.47014099125755,6,13.235693848424,12.1722831565408,53
"LukeM.","user",0.193068007622237,0.104924827565224,4.38178046004133,10,13.768685960463,11.96993547966,11
"LeyendaV","user",0.189757292483928,0.286920340109761,1.45465766387212,7,14.0386549092782,11.8900871158948,107
"Teliiii","user",0.188427097481531,0.0341629651782087,1.33944676902773,9,15.5500944901526,13.5814094913358,18
"BlogDog123","user",0.187706188127333,0.0885163452015529,2.31404456739429,9,13.9893234527466,12.4817764217786,60
"crazydangerous","user",0.186907756534019,0.258372735089957,1.94513490111863,8,13.0170050839663,11.893701627148,22
"thebrock","user",0.186251081541774,0.219863212179583,1.98826969354487,6,13.3847291803322,11.4627578525544,19
"RyanH.","user",0.185254942063249,0.515645757345219,2.85720779146991,10,13.8924725250259,12.0678732317711,11
"Makaveli","user",0.185133684589877,0.115378669417169,2.16794833886788,7,13.3635780446178,12.4026551361554,21
"JamesD.","user",0.183952451595403,0.26543729073977,3.01846171271247,9.5,13.9388633995651,11.979072933547,10
"Game Power Australia","critic",0.183108911280953,-0.0727616900108976,0.970339343507436,8.5,13.2337769680432,11.703791293308,22
"KAS--Will","user",0.18273875250716,0.40187271014231,2.31431644466797,7.5,13.8480307305661,12.9027939816897,12
"TheOnlineGamer","user",0.179950470322937,0.199997754416752,2.10683060018256,10,13.928840136128,12.7498493694359,23
"metascore_user","user",0.179073606124195,0.183283599905702,1.65369675597704,7.5,12.6443308022626,10.8326747661453,929
"Sh0dan","user",0.177855372914268,0.309887254287865,2.8491484796029,6.5,14.1229959930061,13.1175015779874,18
"SamF.","user",0.175428606089399,0.11983515484477,3.27617663341483,8,13.8643016745142,12.1624864173673,16
"DaveM.","user",0.174873138923775,0.0349342954757204,2.95145914949049,9,13.3237624615641,11.8387256705513,10
"Games Radar","critic",0.173416773808238,0.322097525185912,1.78020152655836,8,12.5061809416774,10.885004069328,59
"MiguelG.","user",0.172749190107127,0.296952272918633,3.10004743796721,9,13.3660410959598,11.5925192168232,17
"PeterC.","user",0.170001166523116,0.18822165464417,2.3259957889593,7,13.7283349596294,11.8165043056806,13
"Justin","user",0.169073123786987,0.0649785364854974,4.37416658728647,9,13.4149230884462,11.8129721202917,16
"Aaace5","user",0.16882839867354,0.31344279870713,1.70218562367208,7,13.1545098166411,11.6317864342256,13
"Matt","user",0.167215758388466,0.18334119145875,2.32032407063851,9,13.9026561745713,12.006077832719,47
"EpicJake12","user",0.166724001104078,0.466510923160681,0.699205898780101,9.5,12.1547846142867,11.4048167319757,10
"SwoopTrust","user",0.166475084979347,0.0691986021536674,3.77352271547562,9,13.4315766816542,11.6946949593256,20
"FriedConsole","user",0.16406445089421,0.491011326267136,2.25911566848703,7,12.1547846142867,10.3067502370891,37
"skeletonking123","user",0.162278139927815,0.131075967504348,1.92216982655156,9,13.1615860136327,11.3494884671178,20
"potatoes351","user",0.158546216223119,-0.0127181060643246,1.12546286774228,9,13.9725151614744,12.4059680405246,16
"JamesA.","user",0.15590303906907,0.244722705386038,2.44425018653144,9,13.5923682566493,11.864145558226,13
"AdamD.","user",0.153998651797618,0.208723354179632,2.52341971515314,9,13.7101511534169,12.4052513193906,17
"ChrisD.","user",0.15119155583265,0.181518536635817,1.26491106406735,9,13.641158361295,12.4541975482335,16
"Ryencoke","user",0.150791419289136,0.154561521276819,4.14445057736671,6.5,14.2075533214157,12.0852713093843,18
"JDnator","user",0.14925773502088,0.205798920924176,1.39268102577742,10,12.8079368077555,10.7272741865611,14
"zotune","user",0.147285253730144,0.0504818056421744,0.94112394811432,7,14.5135962714209,13.0261061812043,15
"Gaming Illustrated","critic",0.144342606220672,0.29732554021365,1.0036865843389,8.4,13.2170137832571,11.5247798686937,42
"SamJ.","user",0.140959420994855,0.294399920552775,3.71587032977367,9.5,14.3102074095563,12.879384398256,14
"BubblegumImp","user",0.139598371768262,0.233961770424522,0.802307596244481,8,13.9639314251511,12.8257454992946,35
"Miz3k","user",0.139122622431286,0.352714205759827,3.35757849250518,8,13.0815434662152,11.2802617402719,25
"BobS.","user",0.138987258818906,0.208970082725606,3.0221405217715,9,13.7842014096568,11.9409289126746,21
"Schuback","user",0.137125256388204,0.615021781831055,2.73446022594455,5.5,13.7997662409299,11.8509051997907,12
"sebcheats","user",0.135029387579155,0.122346489288206,1.79065675463033,9,14.0222280103347,11.9750700369318,31
"EMelo01","user",0.127288063053957,0.269300334945249,1.46216655497339,8,14.1156158911551,12.8029594449875,29
"ChrisC.","user",0.12613196585164,-0.0026980476566117,2.25863881029312,10,13.641158361295,11.625548544253,24
"DavidH.","user",0.125392160101982,0.148758178043831,1.27186754767292,9,13.4730216574672,11.8948421389994,17
"AdamB.","user",0.124563850555067,0.161134352142761,1.63625789577249,8,13.5144068165308,12.3412414468691,29
"ChrisL.","user",0.123135453891542,0.182878489943052,2.87491765362967,9.5,14.0701535515314,11.8390442895119,12
"MarkW.","user",0.120661275615394,0.179003488940677,2.09262633246365,9,13.7850523814069,12.006077832719,18
"MattB","user",0.118801871280228,0.0633105713208684,2.65945995885016,8,14.2147151258949,13.0338046055838,11
"Gamers\' Temple","critic",0.118302417401055,0.177737458813729,1.98359942192638,7.9,12.4292201968364,11.1145054815887,16
"JasonL.","user",0.117236809435899,-0.283429551556967,2.34677500863983,8,13.5008011829866,12.0109636771728,17
"spadenx","user",0.11722109543904,0.212218418942503,1.7464249196573,5.5,13.8810256321495,12.4656997458579,16
"JimB.","user",0.114089582953691,0.23701711677363,3.20416395751944,8,13.458837042596,11.3786395020148,15
"MegWhiteley","user",0.113479364973779,0.115923275144623,3.63423410099985,9,11.7752974217158,10.6444482300051,170
"seieko_pherdo","user",0.103501684948897,0.425407189776478,1.99357943768463,6,12.4684407561441,10.8996055842698,13
"IanC.","user",0.103039793593323,0.114619839804721,4.16606056197706,7.5,13.6170608387519,12.1832440445902,12
"MikeM.","user",0.102582221043863,0.326432805577864,3.07069481822383,7.5,13.8893765715329,12.3285189599651,16
"namDa65","user",0.101905761414725,0.336310182625917,1.82279473478538,8,13.5140414539656,11.821874518238,31
"ImUnavailable","user",0.100359037596333,0.347698923730043,1.53527742794537,8,14.0544972448618,12.2204754615814,47
"Madmaz","user",0.0987185580745489,0.0710911489512978,2.62063992627534,7.5,13.5541470925303,11.6781357909807,24
"DavidS.","user",0.0971303562876283,0.227094173887738,2.89386573193348,9,13.3212158754924,11.944597485692,22
"MattB.","user",0.0952342799797779,0.177129294556262,2.34843597212092,8.5,13.8450703310791,11.5437068205597,12
"metatcn","user",0.09403720828346,0.10562684445498,1.82878222991269,8.5,12.8788114329931,11.7458763735602,10
"SKULLbrgr7","user",0.0891244554484408,0.121037297788473,1.54954796669832,8,13.2198195404121,12.2644350036471,14
"NickM.","user",0.0881374839485466,0.117072440718076,1.48064435037847,8,13.5135843749988,12.077180709391,13
"JohnDoe","user",0.0868010905563328,0.0673294741419325,3.9496835316263,7,13.2533933941952,12.070378916741,10
"Tubie","user",0.0856556411253987,0.00701771822129542,1.8385301837922,9,14.5354286089549,12.6318880652852,46
"MikeH.","user",0.0836103015341895,0.0932214228059012,1.26730446462585,10,14.518118226775,13.234138957254,12
"Kenmei","user",0.0799175809606062,0.156189393565521,2.45325529418802,8,13.3842555847857,12.0091841393488,26
"MrRPG","user",0.0795208813853851,-0.0103030080522031,2.0976176963403,7,13.4150344839033,11.7224811174957,11
"DJT","user",0.0780329670948104,0.14932768341467,2.19748660255781,9,13.4261595594499,11.8462116517966,20
"BloonsM","user",0.0774282258127488,0.242074681361273,3.36269122990683,9,13.0604901013436,11.7631937907211,13
"Operation Sports","critic",0.0766843305109123,0.118386455390671,1.4400241205574,8,12.5776396502326,11.4110588385667,85
"TomW.","user",0.0764723646304974,0.198266162210226,3.44581287559646,8,13.3702006492209,11.9896380836361,14
"HaVoK308","user",0.0763977134636864,0.0713893252718243,3.44802681092953,10,13.5008011829866,12.8129290984613,28
"Nick","user",0.0762630575360224,-0.111984270761902,1.47255595908325,9,13.7079239832026,11.7607217089774,20
"Reviewer","user",0.0760014915494399,0.151256211548312,2.72564976962681,8,13.3998818321178,12.0321623936443,16
"WitoRIT92","user",0.0736135454584798,0.431212214617201,1.63639169448448,8,13.6245154274232,11.8511833945264,10
"JeffA.","user",0.0722414035902204,0.294444953569205,3.77581206586832,10,13.3452204466635,11.8539529857762,37
"Mike","user",0.0711683433956076,0.152711620341163,2.70222025416033,8,13.5135843749988,12.0577893418765,27
"Limpert","user",0.0688317347550297,0.298784234530096,1.83787316694536,9,13.6762496400554,12.3161057277265,10
"Dezuuu","user",0.0673659842302817,-0.0326070978129373,1.399692746622,8,13.6291821845913,11.6062063143484,31
"RavenX301","user",0.0655981056215306,0.227932292391235,3.21282153600573,8,13.029682643083,11.5855871023087,10
"Mako5","user",0.0655070626871733,-0.195938392545674,2.22111083319436,7,14.6699172577074,13.042033941079,10
"Alpha-Six","user",0.0644156374549154,0.197012235780919,3.24270743594786,8.5,14.266404217975,12.4824198816419,12
"Maxim Online","critic",0.0614895308924521,0.24373708677304,1.43969693780576,8,12.9078966329693,11.742600532098,11
"CowBear","user",0.0611968734919624,0.600236322681662,1.03572548135463,9,12.4292201968364,10.8282820249015,11
"Travis","user",0.0608521797779249,-0.240966905182892,3.25475138734229,9,13.5318139019059,12.0158802216012,14
"Stuff","critic",0.0608336111061834,0.0851455088947469,1.57306612608531,8.5,13.0380378724172,11.6456493959231,28
"AndrewC.","user",0.0592807601769645,0.0765678826805524,1.72867119301713,8,13.8924725250259,11.733722264816,19
"SalarymanDaishi","user",0.057872749941167,0.14596680331223,1.64169324027258,7,13.235693848424,10.9745402059627,27
"THE_COCONUT_MAN","user",0.0573457699181342,0.0431906272386691,3.07059789431495,4,12.7314866922057,11.5738113291542,15
"DarrenZ.","user",0.0556033487000841,0.0175500971967715,1.23145585242976,8.5,13.180634172319,11.4944763213017,14
"nonnikchief","user",0.0529233714063162,0.113484493266353,1.50639661750509,9,13.5670504807162,11.901461413417,14
"Xenous","user",0.051957091837411,0.0511097780066928,1.53432938662683,8,14.5036456992131,12.9376710124644,33
"ChrisP.","user",0.0499638050626848,0.230356292700938,3.29239567504359,9,14.1661681338025,12.0307902555673,18
"KnucklesChaotix","user",0.0482566947967744,0.213969813568376,1.09192842819834,9,13.2068146219844,11.542270927143,13
"Leigh28","user",0.0448055116336213,0.19872889558578,1.4978617237882,8,12.043559598368,10.8546626862638,13
"John","user",0.0446084310686039,-0.208389696925883,3.62769529593834,9,14.0701535515314,12.2968224425782,22
"davenbettridge","user",0.0433844334922666,0.326923011875339,1.43733575268066,8,16.2699580861782,15.1087190386908,14
"ShootTheZombie","user",0.0427490843468468,-0.0664231183918985,1.33711584684304,9,12.541910295955,11.6415087572289,12
"NathanH.","user",0.0426955655488113,-0.220347816282156,3.23350515007407,7.5,13.7342521814501,11.9734696858086,10
"DavidW.","user",0.0361835554406809,-0.0414144437920045,3.31548250522066,9,13.7842014096568,12.1525026506219,12
"Alex","user",0.0342474751899516,0.130170350412473,2.53662685597461,8,13.9894647054235,12.5132521516525,32
"Syriamn","user",0.0336238915956231,0.189643764863459,2.20293921306753,7,13.8643016745142,11.9161747867026,18
"helena23","user",0.0305117134228692,-0.0279531195920673,1.00524937990007,9,13.180634172319,11.7011876744263,20
"Reaperville","user",0.029788568581806,0.0248046635527694,1.45296631451356,8,13.8643016745142,11.9130697760439,19
"StopScamminUs","user",0.0297633290593173,0.012584252844553,1.75444523370725,7,13.8546860027967,12.4185702077431,37
"mobius","user",0.0287789060506016,0.0939864364962652,1.2862913567872,10,13.6989778653032,12.0109636771728,11
"KarlM.","user",0.0285514521738904,-0.0391205541632146,2.91356978445495,4.5,12.3013873707787,11.2263009360867,10
"JamesM.","user",0.0270469908987705,-0.02878643309127,3.4709680274556,9,13.825461878916,12.1230388022006,21
"Kadeemluvmusic","user",0.0265914499086332,0.387574292802396,3.36233001918234,6.5,12.4957857046788,11.059592559772,20
"JohnM","user",0.0256256549788582,-0.166105949076026,3.05876782480472,8.5,14.3223287627422,12.4821653195912,12
"Jobadkins","user",0.0247249356941598,0.0691001846651347,1.73336845767011,10,13.623268426256,12.5364189816563,73
"Metakev","user",0.0237539880770088,0.0409111860948971,3.45768066130398,6.5,12.3883983689821,10.8282820249015,10
"Pelaaja (Finland)","critic",0.0222082523483029,0.0971707953000041,1.77720610466584,6,12.4677005692569,10.6805634514687,26
"RowanF","user",0.0216914681735636,0.0381492706436457,2.67004993711104,7,14.9987694543875,13.9469573795114,16
"JohnG.","user",0.0210548899869722,0.0302126395880012,3.08957190326662,9,13.2786012246931,12.1300287484229,12
"OXIDE","user",0.0178003826879104,0.193629168905206,2.42687162461325,9,15.0954406198986,13.3675028873147,17
"hydeks","user",0.0175699875929796,-0.0171222707815733,1.31137217055151,9,13.9552733699043,12.1250415328787,12
"Toneboat923","user",0.0156172283803647,0.00246500496593582,4.99924236684162,4.5,14.288630125905,13.1571428913487,12
"Tokyochuchu","user",0.0146855411029027,-0.00781237348053371,2.25946932629542,7,14.0143286421876,12.0111198213034,59
"kitsoon","user",0.014247112661041,-0.0421692434679736,1.60113596038449,8,13.8737359077656,11.7705701360977,11
"WarTornRuston","user",0.0138974844872007,0.110941166462371,3.67299728980421,8,13.1615860136327,11.6483912354789,11
"DaveA.","user",0.0130561404095699,-0.0175757458320659,1.05934990547138,8,13.0122916742801,11.4034124864065,10
"YipManSays","user",0.0102244671648879,0.0668470440226936,1.11921024787453,8,13.353476685668,12.2255222693515,20
"IrishChai","user",0.00943398110668415,0.220116011982767,2.89014552859723,7,13.5625928186601,11.812401741543,18
"muzziklover","user",0.00689245896086438,0.127562116615531,1.90619985405463,9,14.8198125334614,13.4162263089312,28
"JohnA.","user",0.000433120141752534,-0.1735521574917,3.83550663030467,8.5,13.6291821845913,12.5559369496235,10
"claychastain","user",-0.00210243259008059,0.130673303945517,2.12778582744423,8,15.2787661917017,13.5890201622092,14
"KevinC.","user",-0.00276401070993721,0.274200895979267,2.49848438906955,9,14.6873292706226,12.577558410418,12
"The Globe and Mail (Toronto)","critic",-0.00361713268048314,-0.0212107349504736,1.61917634189232,7.25,12.7652831672325,12.3514985704901,18
"MikeB.","user",-0.00453687827586079,0.226011783008211,0.674948557710553,9,15.0523325787395,13.0214366008764,10
"Theday","user",-0.00705444497709477,-0.255848270245012,1.52127765851133,7,13.0602637042956,11.6133219602712,21
"piford","user",-0.00864534179779442,-0.0666500836176935,2.76953600271411,8.5,14.0326348515699,12.6809818117663,14
"KevinR.","user",-0.00969258247507694,-0.122182183258007,1.53804791793021,8,13.7051259967135,12.0002879003323,31
"BlueFalcon","user",-0.0145466968746863,0.26578196584231,2.46156221484435,7,13.1615860136327,11.733722264816,23
"James","user",-0.0163556046698055,-0.0286679084924744,2.76205491770548,9.5,13.9016891716361,12.053352608512,20
"BasilZero","user",-0.01666793283539,0.182198666606865,0.848155403763253,9,13.1993262703906,11.1407162001129,23
"ADIL","user",-0.0195479650785872,0.241840833663492,4.74843332559477,5,13.1518769895578,11.2226214293844,21
"JaceN.","user",-0.0210293098061235,0.0587452101848847,1.80623918681884,4.5,12.6115410869661,11.806803303959,16
"MikeW.","user",-0.0250231448864599,0.0812090759793816,1.94624736040381,8.5,13.8052571301614,12.3715826362718,12
"RavenWolfx","user",-0.0258591582144219,0.157870571845515,2.0976176963403,6,14.6341154320282,13.3604075122736,10
"MarcD.","user",-0.027185229485923,-0.0772260031876656,2.37153600152643,8,12.9945322786191,11.4480028700858,18
"Mattyice","user",-0.0327855973994948,0.0559583979805358,2.9283952218747,8,12.9950485643805,12.1707610099004,27
"RobH.","user",-0.0330935288884782,0.132622659522071,3.17661912902839,9,12.8015192774586,11.390858010943,11
"ACE5","user",-0.0332949447022173,-0.109346658498225,2.04362699393079,7,13.0170050839663,11.6028210120731,32
"RyanS.","user",-0.0333889737195625,0.312716025637296,2.67498701969852,10,13.3874436953379,11.7650155300633,10
"JohnF.","user",-0.0339943100313586,0.112077898673022,1.72349741797129,9,13.7850523814069,12.692490816044,29
"Larux18","user",-0.0341746042390669,0.149236417805059,1.50674160700177,8,13.3660410959598,11.9988989411279,37
"JimmyoftheDead","user",-0.0355452400233897,-0.115306574122116,1.03279555898864,8,14.0701535515314,12.5938115690421,10
"JohnC.","user",-0.0406246999147357,-0.134348676606322,2.49247232695843,8.5,12.9787914687385,11.703517119773,18
"illage2","user",-0.0422806574796998,0.0487978214153794,2.08944716939295,6,12.899222326087,11.4403870296796,20
"JoeS.","user",-0.0476410087866058,-0.336264604454925,3.47211110933328,9,13.399996629153,11.9772127872199,18
"MikeG.","user",-0.0490338091497275,0.287221581870791,2.14583675628306,8,14.1184064447094,11.8165443056557,26
"MasJ.","user",-0.0492698209884453,-0.018133274320941,3.0097879542273,7.5,13.5595987888733,11.9635656694352,18
"JohnD.","user",-0.0524398338346141,0.216940477028093,3.16754373818789,9,14.279245203127,11.7420590402166,21
"ChrisS","user",-0.0627839184973519,-0.115854319793422,2.01556443707464,8,14.3574466336235,13.0083021700745,16
"SpartanEdge","user",-0.0638594232664878,0.0188336399487202,2.33764576825565,8,13.2790399975294,11.8225498340507,44
"msherry9","user",-0.0765665665063498,-0.135984462466819,1.47122471584125,8,13.825461878916,12.82261142277,22
"Serin","user",-0.0768544117941519,-0.0926578863796408,0.948683298050514,8,13.5037013702763,11.6237443741838,10
"[Anonymous]","user",-0.0785982139560501,-0.0233729042715373,2.93816273958622,9,13.4730216574672,11.6903349774032,336
"dz9","user",-0.0821424216123482,0.160514249022395,1.94691453086061,6,13.7850523814069,12.7485015820428,21
"JohnB.","user",-0.0849545394117425,0.0302437812156382,3.60701071744866,9,13.465728102864,11.9886346474047,20
"Wongit","user",-0.0868920235401308,0.520240650415502,2.82842712474619,8,13.5209381055189,11.3431092614382,12
"MichaelD.","user",-0.0885323624883513,0.0415478133393704,3.91010087963071,8,14.6656619146842,12.7431769405035,10
"godWhisperer","user",-0.0905461675604018,0.166307508491161,3.85140666943045,10,13.8643016745142,12.5481967374277,21
"AndyK.","user",-0.0923997384973101,0.0875650826399368,2.09028252773438,8.5,13.5541470925303,12.0307902555673,18
"JoelC.","user",-0.0927843189452669,-0.474222854770606,4.0090806019245,10,14.647776982571,12.6912116770168,11
"MediaFreak","user",-0.0930550610936553,-0.297047729408846,1.20604537831105,9,14.4467828667209,12.8646180293,11
"bigbaldwolf","user",-0.0945280495754768,0.0932418256768994,1.03572548135463,9,12.2060776455177,10.1291080337252,11
"EthanR.","user",-0.0946109149507189,0.0319590992310513,2.41292814278051,8,12.9564442622905,11.0519943917598,10
"Benetti","user",-0.0974366585108973,0.0238769264233497,3.9214509786274,8,13.3692250178346,12.3091029483496,10
"JohnK.","user",-0.0989991292657011,-0.0119378121354836,3.09782039958261,9,13.7952568068091,12.4980263214072,19
"ArkonBlade","user",-0.101387971602661,-0.0586178485448179,1.97028556148556,8,14.0143622363812,12.1156390558084,129
"theshonen8899","user",-0.102029789986906,0.17907923184239,2.24046969037689,8,13.1993262703906,10.8990206727475,29
"Forza182","user",-0.102327360124645,-0.158180512969368,3.11778579047601,9,14.9723920692217,13.8920298348703,17
"JamesL.","user",-0.104457765218775,-0.030395346719955,3.05130423201946,7,14.0701535515314,12.5169010136891,18
"digiart247","user",-0.108492607068857,-0.043846344341342,1.13389341902768,9,14.5181181826185,13.3219850344901,15
"BigShotJosh","user",-0.109174167178129,-0.565789416427776,3.14289321768618,6.5,13.5068630235284,11.7546351399358,10
"ccrogers15","user",-0.112517387265001,-0.0982909649837171,3.79755560478429,2,13.6760514310616,11.9612251790989,36
"JoeM.","user",-0.113242694023617,0.141646332651361,2.17050941281329,8.5,13.6218710616922,12.3159861947095,10
"Garian","user",-0.114348648325863,-0.154047574773428,2.28433399882369,7,15.0852713837271,14.2406737127369,11
"DavidG.","user",-0.120116991468035,-0.0811195167119144,1.05409255338946,9,14.1156158911551,12.3675833169065,10
"DME","user",-0.121478594307243,-0.0990167806162712,2.33946965775791,7,13.7850523814069,12.5956793377039,31
"StarlessBB","user",-0.121929804808453,-0.119755938785757,2.95419578350399,5,12.7217774007528,11.7502741108491,12
"Jon-Ryo","user",-0.122395328001703,-0.0572043885479943,1.98885785202351,7,14.2276208710425,13.0175138422848,10
"Spielberg00","user",-0.127407165888323,-0.218542889352991,1.93061459832685,7.5,13.4297414048755,12.2413235820907,12
"ColdHardTruth","user",-0.12744562701959,-0.0270617686205266,1.03279555898864,7,13.8643016745142,12.2242268561102,15
"Dave","user",-0.132800671372559,-0.12908257461349,2.99816793876043,9,14.4528571813157,12.6772192877211,14
"DanA.","user",-0.133361565542988,-0.282683629689475,0.750757193529548,9,13.9016891716361,12.2210991795468,11
"Ravenous","user",-0.136982221299153,0.154293372557117,4.40660661032748,7,14.2269406388127,13.2751399718906,11
"410MaXiMuS","user",-0.137480552686532,-0.0551008180482547,2.48268860110536,10,12.7367038377645,11.6305040352806,19
"Steve","user",-0.14084266798432,-0.288165343437225,2.95478751025674,8,14.6219868702597,12.4008043765675,13
"tigger","user",-0.142866823419474,-0.0256399577184592,1.56190922897601,9,13.5144068165308,12.5132521516525,14
"CursedKnight187","user",-0.142877400610944,0.0985166502032874,2.53908835942542,9,15.1399297813235,13.6929597997599,12
"JamesSteal","user",-0.145130102042805,-0.019095762094517,3.93064880140671,2,14.5480753641739,13.3730789712974,16
"SpunkyMonkey","user",-0.14552742757334,-0.184084971149798,2.85073090043004,7,13.3190612872637,12.0851133083221,25
"JabbaTheSlush","user",-0.153000036786951,-0.0494586736288486,3.57116882172304,3,13.3847291803322,12.3652833589104,22
"MichaelL.","user",-0.156353353539974,-0.127793649354317,1.68954001270922,9,14.3721630761309,11.9174308876713,11
"G_Mackzy","user",-0.156620668636729,-0.203247214171644,1.99357943768463,7,12.9715428132484,11.4876179133436,13
"ChrisS.","user",-0.160001482649257,-0.060812717531266,3.12682846940095,9,13.6529928049364,12.0045071053695,22
"DavidL.","user",-0.160440225880352,-0.440719172220782,3.65756445982539,7.5,13.7746896051101,11.4716554534387,10
"Welterweight426","user",-0.164409142944793,-0.11515416454088,1.49747261825525,7.5,13.34726544551,11.40536580113,12
"DaveH","user",-0.164651545549647,-0.254387647271977,3.06989290110297,9,15.090670733917,13.458432917619,12
"davidcraig","user",-0.166040636716194,-0.0692323934172826,2.87344160662204,9,14.4520319235864,12.7908995718056,25
"thejonez","user",-0.166044659456761,-0.289844359225239,2.18326971917504,7.5,13.6529928049364,11.3478267400718,10
"MikeR.","user",-0.1707845101992,-0.192682198003245,2.22111083319436,9.5,13.4150344839033,11.3180656314782,10
"BOSTONJOHN32","user",-0.172006260518848,-0.146508230436434,2.49761791275112,9,13.9934386989278,12.4966866482834,15
"Dan","user",-0.17641667775694,-0.253673071849777,2.3215740096652,8,13.6860615624945,11.899032731943,17
"JonathanS.","user",-0.18408747470276,-0.266279035516411,3.9665266081716,7,13.5410750280511,12.2731142812609,10
"mongoman","user",-0.185899424137016,-0.250496638354462,2.55603860169078,7.5,13.1993262703906,11.9161747867026,16
"JamesM","user",-0.185916314933049,-0.146675203292857,2.69342634102837,8,14.5605680811379,12.4978300556745,11
"DaveR.","user",-0.186439711998641,-0.440993328049484,1.74945879077104,9,13.5144068165308,12.1230388022006,12
"PaulC.","user",-0.187955731377153,-0.152170118336794,2.69121665029472,9,12.5776396502326,10.0405066061942,17
"Tommy758","user",-0.188184534032037,-0.301081408104614,1.54954796669832,7.5,14.0464340758375,13.2335182048223,14
"Cale","user",-0.18860981389257,-0.245789131896905,2.30126776654377,6,13.2417161341119,11.4511230852879,16
"asylumspadez","user",-0.190195547750461,0.0990493482787008,3.17876944168631,7,14.7536072134523,13.5235891766492,18
"JamesH.","user",-0.192715175808691,-0.0143860600900407,2.26149930023587,8.5,13.5342769545306,11.3719514285235,18
"GamerOfGames","user",-0.193936439416051,-0.241502425084436,1.67561699313784,9,15.8785687474584,13.6182028679216,13
"JRcade","user",-0.200339495126949,-0.194341899804764,1.64654520469713,6.5,13.6762496400554,11.8747590800551,10
"mrmonster","user",-0.201209919424918,-0.165762891503973,3.11006665843082,7,13.5790679334015,12.0814046255034,19
"JudgeMental","user",-0.202006894662772,-0.406296835153477,2.61952376624164,7,13.399996629153,11.7685594394531,21
"JohnS.","user",-0.204444397745808,-0.165490153181133,3.43187671366233,8.5,14.0103824613939,12.4420993493496,36
"IanR.","user",-0.20551354207527,-0.215575331348862,3.17804971641414,8,14.5036456992131,12.7205625476208,10
"Snipestrifer","user",-0.205576757206306,-0.114538196716017,2.16591238756055,9,14.7741266356869,13.6409899809845,17
"ERR0RMACR0","user",-0.205916795446636,-0.171453706819435,2.73459722409388,9,14.5480753641739,12.8871292879358,14
"Ryan","user",-0.206828732586622,-0.239348937151041,3.15995160052287,9,13.2807913213928,11.6791182478859,17
"Oxcart","user",-0.207891726821394,-0.163525651325413,2.82453925057203,8,13.6308487424952,11.6143141868246,14
"MarkB.","user",-0.209031256277856,-0.0531340015386763,2.600699206682,8,12.8338833352057,11.8125430576127,11
"andrewrox","user",-0.209261245510986,-0.0486864328083149,2.19848432637882,10,14.3343049466174,12.6065017609536,13
"Locimento","user",-0.21166582113329,-0.279143423293077,1.73160663502469,8,13.3431670751354,12.2579493486497,26
"GodBleeder","user",-0.215513882544627,-0.28945210509933,2.17503315624595,7,13.180634172319,11.5710151117448,14
"Ross87","user",-0.219866723095756,-0.309581540916336,1.13529242439509,9,14.6261942442779,13.4665647037055,10
"aspentitan","user",-0.227700112738217,-0.102814564699136,1.70800855767256,7,13.180634172319,11.711554987747,57
"viegasn","user",-0.228950380607897,0.103660505151043,2.82168473822019,7,13.1993262703906,11.1237125712477,21
"DC","user",-0.231964034116961,-0.172121772451686,3.60450055381106,10,13.7746896051101,12.2731142812609,12
"Shierzhi","user",-0.232245444348129,-0.430844262278631,1.3703203194063,8.5,13.1205621368313,11.3688795147603,10
"koolkris200","user",-0.236536556055453,-0.286588378354166,2.64181124735789,10,13.4730216574672,11.9544974689717,33
"MattM.","user",-0.239756314777977,-0.142549605978848,2.13574425172396,9,13.8130555407074,11.9349451603886,19
"JeffC.","user",-0.239779406622397,-0.0747412963636656,2.90004420832794,8,13.8893765715329,12.5741059840702,13
"NickS.","user",-0.240261391044891,-0.0537803482473282,1.30088727117598,9,13.1085772139111,11.3154643936205,13
"PhilG","user",-0.241787069385162,-0.504977128337291,3.02030167735315,9,13.7850523814069,12.8200169739725,10
"MaxxSwan13","user",-0.245801532281846,-0.525342490115571,2.36852065853142,10,13.5008011829866,12.3161057277265,14
"oblivion2011","user",-0.251556651086007,-0.397862223070442,1.16774841624228,8,13.1615860136327,11.9119700052755,11
"MattF.","user",-0.251688172062899,-0.158745127559803,1.72887564301513,8,14.4219426889141,12.8717351092694,14
"Mrmoobs","user",-0.25288335046866,-0.1296019937648,2.27469611690055,8,13.5270293138448,11.7474320073482,12
"SkizDriz","user",-0.258218573906663,-0.189008051895903,3.23865541373097,6.5,13.353476685668,12.2718697493202,10
"HagenM","user",-0.2621058851089,-0.323087257153218,2.94183816086233,8,13.493714236999,12.2540583262997,17
"Harry210","user",-0.266140307335315,-0.121719399046037,0.954584665735822,8.5,14.2729360379143,12.1332384771285,24
"Bigredd77","user",-0.268050934241763,-0.234823110477166,3.11025468579766,7,13.3210814853934,11.9244039993768,20
"bugbear1","user",-0.281282019914918,-0.207923038548773,3.02843665468317,4,12.9239148777019,11.2050542905506,15
"Tom","user",-0.281923000937771,-0.136827225945247,3.20385796850499,9,13.8438906980401,12.1950780145168,17
"AramisG.","user",-0.28348273049232,-0.0484728664473161,1.83195540504146,8,13.5076039997587,11.7132659927482,12
"rubin","user",-0.287729212567841,-0.363069222716754,1.94828984838841,7.5,13.8602033261854,11.4245033779896,16
"MattS.","user",-0.287836667478427,-0.307163898117308,3.03015151136345,8,13.8779459889691,11.7724301313127,23
"AaronB.","user",-0.288309084249395,-0.143711602494219,3.06231575409489,8.5,14.279245203127,12.836074999975,10
"VidsRule","user",-0.295310156388041,-0.256956863009417,3.14965734549421,6,13.4027438919251,12.0833638472141,38
"JS","user",-0.296485244648383,-0.615494402810232,2.4936282437809,9,12.6914651817561,11.3420605292742,11
"Radeen","user",-0.302089140684932,-0.474719629380189,1.21573927222163,6,13.0351888743057,11.0593338963645,14
"coldcalculated","user",-0.302904044988164,-0.0914441795854448,1.47437755469526,8,14.3223287627422,12.9023374612114,27
"David","user",-0.31274152414776,-0.266994561850249,3.32665998663324,9,13.9978329480912,12.3618619820259,15
"Human","user",-0.31514823203226,-0.289369648464481,1.80475562255471,7,14.4986079077211,12.7498493694359,15
"AlexR.","user",-0.324263407244591,-0.497452297761865,0.750757193529548,9,13.9777474215912,12.716727727623,11
"Wheezy247","user",-0.325691943422935,-0.0972727143854225,1.00820807201863,8.5,13.7642183162077,12.1621468809618,14
"LiquidGamer","user",-0.329641231205294,-0.363010633796116,1.81920966618029,7,12.6214423897209,11.7118821469691,22
"FatherDoom","user",-0.330438313530893,-0.472910558611405,2.93906366690061,8,13.0815434662152,11.7311931485377,15
"Ps3blaze22","user",-0.336445375918447,-0.260824780162187,1.58113883008419,10,13.6967002503995,12.5170018377773,40
"McBain17","user",-0.338397091445965,-0.323137330353993,3.15399943219726,7.5,13.3041307382911,11.7467452489345,18
"Qwik","user",-0.341152659347516,-0.271098169709293,2.20100986922922,7,13.6164656094839,12.5693585752482,10
"AndrewG.","user",-0.345101592904481,-0.257099766103856,1.44115338424578,8,14.2129116503557,12.4128508949233,13
"ChrisR.","user",-0.351157660600749,-0.277714536516719,3.4509550720186,9,13.4572017228419,11.9844022405752,12
"ColinC","user",-0.351511361073169,-0.038347300673384,1.85047086554812,8,13.5278298188449,11.5460700635625,12
"CodyB.","user",-0.352636464574782,-0.109938981073416,3.20525883674413,10,14.2283221105265,12.7828866538278,20
"pre_-cision-_","user",-0.360475445270705,-0.256737275499682,2.73727000108201,9,13.2442302410239,12.2639011395391,17
"anonymous","user",-0.371321558731096,-0.393337271321775,3.45859867025718,8,13.7173217084013,12.0585765324785,21
"baddeadtaste","user",-0.381748580211176,-0.291413591435413,2.05554730553075,9,13.8412381771017,12.5525399126313,14
"RicochetPhoenix","user",-0.38340419451496,-0.461159463016076,3.12855857990206,9.5,13.443502296604,11.6879385941964,12
"PandCadventure","user",-0.394726784559357,-0.169467069158741,1.68654808542314,9.5,12.0622377759496,10.7000060839191,10
"sias","user",-0.395035143597199,-0.396025614788913,1.79392915639994,7,13.1421679654829,11.934191741152,11
"BenG.","user",-0.400944716448037,-0.300079869454601,4.42016728053122,3.5,12.7461299827703,11.1628226482044,12
"JasonB.","user",-0.40820291240969,-0.378549828502036,2.89592189749027,8,14.4678362648372,13.4118697847448,12
"UnderrateXposer","user",-0.413560631190883,-0.229580444865473,2.73030134866931,8,11.6629866500423,9.82063236770071,11
"ChrisW.","user",-0.420206317429966,-0.159815269695181,2.21896586810377,9,14.2400094210769,12.8390279281138,15
"dangerclose","user",-0.421741944935466,-0.33672140846091,2.02381652659853,8,12.8068102269412,10.8346564326726,16
"JohnP.","user",-0.434001731820152,-0.160140686382066,2.64918512342604,8,14.7377817829136,12.4959397643419,11
"RyanDerossi","user",-0.437765593614701,-0.103946322283458,1.56669890360128,9,14.2729360379143,12.1332384771285,11
"Jason","user",-0.452990088319303,-0.327014420101368,2.46429041972071,9,13.5410750280511,11.5364075891174,11
"BrianB.","user",-0.458985612417051,-0.203617905216798,3.63470921960906,8.5,13.7429409403977,11.946479039242,10
"TurkishCritic","user",-0.461541123802462,-0.401116457292725,5.06369683541833,10,12.4292201968364,11.2228672383655,13
"frugal_frogger","user",-0.468238890481434,-0.220553788670769,1.28937969582276,9.5,13.1021627109011,11.8020290266273,16
"MikeH","user",-0.471846423844771,-0.366523923236533,3.30633001707606,5.5,14.8905133222901,13.7442207648571,12
"Captiosus","user",-0.472357170628679,-0.459397545443118,1.50243467129871,6,14.2413553300844,12.9242693205062,19
"SteveM","user",-0.472827097728148,-0.537005845902393,3.45972498469126,10,13.8681417628875,12.3580355323929,12
"SteveW.","user",-0.474072374586915,-0.187350738286221,2.29906813420444,7,13.5069556824618,11.8177302067553,15
"vahn","user",-0.477356696803517,0.0460671447529413,1.78638642812473,8,13.2350556885248,10.9536983716215,17
"MatC.","user",-0.480407097988033,0.0563143769508378,3.12132136423399,5,13.4298495477394,12.1217612566536,17
"Richie","user",-0.49987293132885,-0.438833206641405,2.58667916273145,10,13.353476685668,12.4359415310013,11
"YHWH","user",-0.502097121036914,-0.611500401247625,4.99230176602706,0,14.1316257139551,12.7562613873024,13
"JoeB.","user",-0.502903603430026,-0.665779037484478,0.421637021355784,10,12.4488304764902,10.5424444466801,10
"Brian","user",-0.505396903046435,-0.273433867597951,2.59754744850845,9,13.8155115579638,12.1848285798607,14
"huffnat890","user",-0.51155007572916,-0.441520662606205,3.09880042961209,7,13.6906395774798,12.4449515485274,13
"Mohammad22","user",-0.522886971794628,-0.390458627597701,2.18084789955091,10,13.9894647054235,12.4218894214579,41
"Daz","user",-0.526208510326034,-0.431219440149839,2.19602158971874,9,13.6291821845913,12.0538848068568,22
"SuperKurzacz","user",-0.53724396325101,-0.750454198064643,2.60206667634446,9,14.862829903122,12.7557506453909,23
"JON_RYO","user",-0.542281893504687,-0.290684952800202,1.73205080756888,8,14.3360380856196,12.8048030999878,17
"Wulfbeat","user",-0.543372722402825,-0.235483178845674,1.78154793465634,4,13.825461878916,11.9857937372055,23
"JohnH.","user",-0.552231334076599,-0.411563263359329,2.3629078131263,9,13.5144068165308,11.7971189594036,16
"SnivySomnia","user",-0.553974200580183,-0.402052537481721,2.97640292282049,9,13.7746896051101,12.2843661319001,13
"TheHorrorAnthem","user",-0.555173515112642,-0.495547800140306,2.13626692237566,7,13.235693848424,12.4241714936996,11
"ADobbo","user",-0.556536793892954,-0.382685724242937,2.87491765362967,4,13.9465396975633,12.1832440445902,12
"AlexC.","user",-0.557516555557103,-0.446222808403403,3.9665266081716,9,13.5144068165308,12.4581184729402,10
"bitterroot1995","user",-0.568461941721567,-0.38391920170678,3.73144532460631,2,12.8212609873195,11.4513691592711,20
"EricHarmon","user",-0.57252791561815,-0.300172270894603,3.34935543324112,10,13.7429409403977,12.8611596392656,11
"Zzgashi","user",-0.576587833880514,-0.721180725826893,2.0976176963403,7,13.4602635831921,11.4582409018195,10
"[ANONYMOUS]","user",-0.598301908300158,-0.552880541563034,3.44756642948534,8,13.641158361295,12.1987660170144,15
"ChrisJ.","user",-0.610854000902571,-0.876042576014842,1.19721899973786,9,13.4444483258478,11.8117032516771,10
"Babele","user",-0.636563277924749,-0.62304846643602,0.316227766016838,10,11.8068262973928,10.6517683578093,10
"owenking","user",-0.639694432383616,-0.264836863016416,1.81352940116473,8,14.7277936700472,12.9805532389068,10
"Amiganoid","user",-0.641436502495559,-0.649535377927555,3.13990037405239,9,14.0440655263148,12.6956254386903,13
"MasterOfMetroid","user",-0.662893602029499,-0.514133217568991,4.34741302385683,1,14.2445665716453,13.3094625785981,10
"Wendigo2064","user",-0.666854946918799,-0.634474786692473,1.59463385855724,6,14.0855384585358,12.4941833760949,15
"Vorcia","user",-0.668044376632865,-0.641602915993906,2.73362895666681,7,14.5948358934808,12.985282836856,11
"AwesomeGamer","user",-0.7010913007823,-0.574077211533872,2.76887462097269,10,13.7898649370858,12.4364509320049,25
"SamJ","user",-0.702475138323242,-0.492277609068036,2.97396106975939,9,14.352004513274,12.6485284179776,10
"karmasleeper","user",-0.702568926671527,-0.649589213803828,1.56347191994114,6.5,13.835121996271,12.230648025675,10
"FlatEric","user",-0.706104495034633,-0.726387504730918,2.30118546524493,9,14.0220297206823,12.429656610727,12
"osprey","user",-0.733339459506708,-0.685503347322742,2.46402690152291,8,12.3653037838075,11.5945502596132,14
"Ivan_Es_Supremo","user",-0.740810594262325,-0.807050036737689,0.699205898780101,10,12.7656912906044,11.2269486044845,10
"cameronrogers","user",-0.743267963422357,-0.748194531678027,4.76678321535836,1.5,11.9829353441964,10.891373101233,10
"TheBlueBadger","user",-0.745494727187169,-0.214507874067643,2.14993539954628,7,12.6115410869661,11.7431399581483,10
"DavidD.","user",-0.768187228955615,-0.733290553180592,1.15470053837925,9.5,13.2248960172369,11.7788299731066,10
"Bulldozer","user",-0.780499809087996,-0.509112148184994,4.39696865275764,7.5,12.3653037838075,10.2363976456767,10
"Fred","user",-0.799472047157921,-0.830712789812447,2.21153998175685,9,13.038983942376,11.901461413417,11
"nayerr","user",-0.813825049081121,-0.754333396791516,3.2696955654784,9,13.4870078798802,12.948995219048,11
"bigbossluna","user",-0.872579662975213,-0.872280794134438,3.8715486421959,8.5,12.4292201968364,11.1145054815887,10
"glacier777","user",-0.880097927015569,-0.888461872112382,1.72152152575458,8,13.9016891716361,12.2911166718874,11
"duckypwns","user",-0.957791671168027,-0.900577380225962,2.23360940833687,9,15.1589445776873,13.4101734874811,14
"BRAINIAC4200","user",-0.999129340469877,-0.989216554231605,3.14289321768618,10,14.0143622363812,12.4991899204719,10
"frostquake","user",-0.999991841691658,-0.948123530930238,2.40580106988894,6,12.7068509637411,11.7443942650304,12
"TipsyMcBee","user",-0.999995507661782,-0.825966375619145,2.90767010758536,7,14.3223287627422,13.1155441794343,11
"disobedientlib","user",-1,-1,2.06705763652765,8,13.2008676791554,11.7602367610566,12
